2026-08-20 19:33:33,401 INFO 강화 이미지 자동 클릭 시작
2026-08-20 19:33:33,401 INFO 모니터1 q1~q4 : enhance1.png
2026-08-20 19:33:33,401 INFO 모니터2 q1~q2 : enhance2.png
2026-08-20 19:33:33,401 INFO threshold=0.82
2026-08-20 19:33:33,401 INFO 클릭 위치=찾은 이미지 정중앙
2026-08-20 19:33:33,401 INFO ESC=프로그램 종료
2026-08-20 19:33:33,431 INFO m1q1 enhance1 감지 0.999 -> 클릭 (4254, 523)
2026-08-20 19:33:33,963 INFO m1q2 enhance1 감지 0.981 -> 클릭 (5217, 523)
2026-08-20 19:33:34,499 INFO m1q3 enhance1 감지 0.951 -> 클릭 (4256, 1040)
2026-08-20 19:33:35,033 INFO m1q4 enhance1 감지 0.953 -> 클릭 (5216, 1039)
2026-08-20 19:33:35,607 INFO m2q1 enhance2 감지 1.000 -> 클릭 (776, 825)
2026-08-20 19:33:36,176 INFO m2q2 enhance2 감지 1.000 -> 클릭 (2696, 825)
2026-08-20 19:33:36,816 INFO m1q1 enhance1 감지 1.000 -> 클릭 (4254, 523)
2026-08-20 19:33:37,358 INFO m1q2 enhance1 감지 0.922 -> 클릭 (5109, 203)
2026-08-20 19:33:37,901 INFO m1q3 enhance1 감지 0.951 -> 클릭 (4256, 1040)
2026-08-20 19:33:38,449 INFO m1q4 enhance1 감지 0.922 -> 클릭 (5109, 719)
2026-08-20 19:33:39,064 INFO m2q1 enhance2 감지 0.988 -> 클릭 (776, 825)
2026-08-20 19:33:39,723 INFO m1q1 enhance1 감지 1.000 -> 클릭 (4254, 523)
2026-08-20 19:33:40,259 INFO m1q2 enhance1 감지 0.981 -> 클릭 (5217, 523)
2026-08-20 19:33:40,790 INFO m1q3 enhance1 감지 0.951 -> 클릭 (4256, 1040)
2026-08-20 19:33:41,324 INFO m1q4 enhance1 감지 0.954 -> 클릭 (5216, 1039)
2026-08-20 19:33:41,900 INFO m2q2 enhance2 감지 1.000 -> 클릭 (2696, 825)
2026-08-20 19:33:42,540 INFO m1q1 enhance1 감지 1.000 -> 클릭 (4254, 523)
2026-08-20 19:33:43,071 INFO m1q2 enhance1 감지 0.923 -> 클릭 (5109, 203)
2026-08-20 19:33:43,605 INFO m1q3 enhance1 감지 0.919 -> 클릭 (4145, 715)
2026-08-20 19:33:44,154 INFO m1q4 enhance1 감지 0.954 -> 클릭 (5216, 1039)
2026-08-20 19:33:44,727 INFO m2q1 enhance2 감지 1.000 -> 클릭 (776, 825)
2026-08-20 19:33:45,393 INFO m1q1 enhance1 감지 0.999 -> 클릭 (4254, 523)
2026-08-20 19:33:45,929 INFO m1q2 enhance1 감지 0.982 -> 클릭 (5217, 523)
2026-08-20 19:33:46,464 INFO m1q3 enhance1 감지 0.951 -> 클릭 (4256, 1040)
2026-08-20 19:33:46,999 INFO m1q4 enhance1 감지 0.954 -> 클릭 (5216, 1039)
2026-08-20 19:33:47,588 INFO m2q2 enhance2 감지 1.000 -> 클릭 (2696, 825)
2026-08-20 19:33:48,240 INFO m1q1 enhance1 감지 0.921 -> 클릭 (4149, 203)
2026-08-20 19:33:48,760 INFO m1q2 enhance1 감지 0.922 -> 클릭 (5109, 203)
2026-08-20 19:33:49,298 INFO m1q3 enhance1 감지 0.951 -> 클릭 (4256, 1040)
2026-08-20 19:33:49,831 INFO m1q4 enhance1 감지 0.954 -> 클릭 (5216, 1039)
2026-08-20 19:33:50,431 INFO m2q1 enhance2 감지 1.000 -> 클릭 (776, 825)
2026-08-20 19:33:51,084 INFO m1q1 enhance1 감지 0.999 -> 클릭 (4254, 523)
2026-08-20 19:33:51,630 INFO m1q2 enhance1 감지 0.982 -> 클릭 (5217, 523)
2026-08-20 19:33:52,163 INFO m1q3 enhance1 감지 0.920 -> 클릭 (4145, 715)
2026-08-20 19:33:52,699 INFO m1q4 enhance1 감지 0.954 -> 클릭 (5216, 1039)
2026-08-20 19:33:53,274 INFO m2q2 enhance2 감지 1.000 -> 클릭 (2696, 825)
2026-08-20 19:33:53,921 INFO m1q1 enhance1 감지 0.999 -> 클릭 (4254, 523)
2026-08-20 19:33:54,453 INFO m1q2 enhance1 감지 0.982 -> 클릭 (5217, 523)
2026-08-20 19:33:54,990 INFO m1q3 enhance1 감지 0.952 -> 클릭 (4256, 1040)
2026-08-20 19:33:55,522 INFO m1q4 enhance1 감지 0.953 -> 클릭 (5216, 1039)
2026-08-20 19:33:56,109 INFO m2q1 enhance2 감지 1.000 -> 클릭 (776, 825)
2026-08-20 19:33:56,760 INFO m1q1 enhance1 감지 0.921 -> 클릭 (4149, 203)
2026-08-20 19:33:57,287 INFO m1q2 enhance1 감지 0.982 -> 클릭 (5217, 523)
2026-08-20 19:33:57,842 INFO m1q3 enhance1 감지 0.920 -> 클릭 (4145, 715)
2026-08-20 19:33:58,374 INFO m1q4 enhance1 감지 0.922 -> 클릭 (5109, 719)
2026-08-20 19:33:58,952 INFO m2q2 enhance2 감지 1.000 -> 클릭 (2696, 825)
2026-08-20 19:33:59,587 INFO m1q1 enhance1 감지 0.999 -> 클릭 (4254, 523)
2026-08-20 19:34:00,119 INFO m1q2 enhance1 감지 0.982 -> 클릭 (5217, 523)
2026-08-20 19:34:00,645 INFO m1q3 enhance1 감지 0.951 -> 클릭 (4256, 1040)
2026-08-20 19:34:01,178 INFO m1q4 enhance1 감지 0.953 -> 클릭 (5216, 1039)
2026-08-20 19:34:01,788 INFO m2q1 enhance2 감지 1.000 -> 클릭 (776, 825)
2026-08-20 19:34:02,427 INFO m1q1 enhance1 감지 0.922 -> 클릭 (4149, 203)
2026-08-20 19:34:02,986 INFO m1q2 enhance1 감지 0.922 -> 클릭 (5109, 203)
2026-08-20 19:34:03,514 INFO m1q3 enhance1 감지 0.951 -> 클릭 (4256, 1040)
2026-08-20 19:34:04,048 INFO m1q4 enhance1 감지 0.922 -> 클릭 (5109, 719)
2026-08-20 19:34:04,619 INFO m2q2 enhance2 감지 1.000 -> 클릭 (2696, 825)
2026-08-20 19:34:05,259 INFO m1q1 enhance1 감지 0.999 -> 클릭 (4254, 523)
2026-08-20 19:34:05,797 INFO m1q2 enhance1 감지 0.982 -> 클릭 (5217, 523)
2026-08-20 19:34:06,330 INFO m1q3 enhance1 감지 0.951 -> 클릭 (4256, 1040)
2026-08-20 19:34:06,861 INFO m1q4 enhance1 감지 0.953 -> 클릭 (5216, 1039)
2026-08-20 19:34:07,450 INFO m2q1 enhance2 감지 1.000 -> 클릭 (776, 825)
2026-08-20 19:34:08,102 INFO m1q1 enhance1 감지 0.999 -> 클릭 (4254, 523)
2026-08-20 19:34:08,630 INFO m1q2 enhance1 감지 0.922 -> 클릭 (5109, 203)
2026-08-20 19:34:09,168 INFO m1q3 enhance1 감지 0.951 -> 클릭 (4256, 1040)
2026-08-20 19:34:09,699 INFO m1q4 enhance1 감지 0.922 -> 클릭 (5109, 719)
2026-08-20 19:34:10,284 INFO m2q2 enhance2 감지 1.000 -> 클릭 (2696, 825)
2026-08-20 19:34:10,938 INFO m1q1 enhance1 감지 0.999 -> 클릭 (4254, 523)
2026-08-20 19:34:11,470 INFO m1q2 enhance1 감지 0.981 -> 클릭 (5217, 523)
2026-08-20 19:34:12,006 INFO m1q3 enhance1 감지 0.951 -> 클릭 (4256, 1040)
2026-08-20 19:34:12,538 INFO m1q4 enhance1 감지 0.953 -> 클릭 (5216, 1039)
2026-08-20 19:34:13,111 INFO m2q1 enhance2 감지 1.000 -> 클릭 (776, 825)
2026-08-20 19:34:13,759 INFO m1q1 enhance1 감지 0.999 -> 클릭 (4254, 523)
2026-08-20 19:34:14,288 INFO m1q2 enhance1 감지 0.981 -> 클릭 (5217, 523)
2026-08-20 19:34:14,825 INFO m1q3 enhance1 감지 0.951 -> 클릭 (4256, 1040)
2026-08-20 19:34:15,353 INFO m1q4 enhance1 감지 0.922 -> 클릭 (5109, 719)
2026-08-20 19:34:15,918 INFO m2q2 enhance2 감지 1.000 -> 클릭 (2696, 825)
2026-08-20 19:34:16,559 INFO m1q1 enhance1 감지 0.922 -> 클릭 (4149, 203)
2026-08-20 19:34:17,096 INFO m1q2 enhance1 감지 0.922 -> 클릭 (5109, 203)
2026-08-20 19:34:17,641 INFO m1q3 enhance1 감지 0.951 -> 클릭 (4256, 1040)
2026-08-20 19:34:18,178 INFO m1q4 enhance1 감지 0.954 -> 클릭 (5216, 1039)
2026-08-20 19:34:18,751 INFO m2q1 enhance2 감지 1.000 -> 클릭 (776, 825)
2026-08-20 19:34:19,430 INFO m1q1 enhance1 감지 0.999 -> 클릭 (4254, 523)
2026-08-20 19:34:19,972 INFO m1q2 enhance1 감지 0.982 -> 클릭 (5217, 523)
2026-08-20 19:34:20,499 INFO m1q3 enhance1 감지 0.951 -> 클릭 (4256, 1040)
2026-08-20 19:34:21,035 INFO m1q4 enhance1 감지 0.954 -> 클릭 (5216, 1039)
2026-08-20 19:34:21,606 INFO m2q2 enhance2 감지 1.000 -> 클릭 (2696, 825)
2026-08-20 19:34:22,265 INFO m1q1 enhance1 감지 0.921 -> 클릭 (4149, 203)
2026-08-20 19:34:22,800 INFO m1q2 enhance1 감지 0.921 -> 클릭 (5109, 203)
2026-08-20 19:34:23,334 INFO m1q3 enhance1 감지 0.951 -> 클릭 (4256, 1040)
2026-08-20 19:34:23,868 INFO m1q4 enhance1 감지 0.922 -> 클릭 (5109, 719)
2026-08-20 19:34:24,446 INFO m2q1 enhance2 감지 1.000 -> 클릭 (776, 825)
2026-08-20 19:34:25,120 INFO m1q1 enhance1 감지 0.999 -> 클릭 (4254, 523)
2026-08-20 19:34:25,670 INFO m1q2 enhance1 감지 0.982 -> 클릭 (5217, 523)
2026-08-20 19:34:26,204 INFO m1q3 enhance1 감지 0.919 -> 클릭 (4145, 715)
2026-08-20 19:34:26,733 INFO m1q4 enhance1 감지 0.954 -> 클릭 (5216, 1039)
2026-08-20 19:34:27,312 INFO m2q2 enhance2 감지 1.000 -> 클릭 (2696, 825)
2026-08-20 19:34:27,957 INFO m1q1 enhance1 감지 0.923 -> 클릭 (4149, 203)
2026-08-20 19:34:28,491 INFO m1q2 enhance1 감지 0.921 -> 클릭 (5109, 203)
2026-08-20 19:34:29,024 INFO m1q3 enhance1 감지 0.951 -> 클릭 (4256, 1040)
2026-08-20 19:34:29,557 INFO m1q4 enhance1 감지 0.954 -> 클릭 (5216, 1039)
2026-08-20 19:34:30,147 INFO m2q1 enhance2 감지 1.000 -> 클릭 (776, 825)
2026-08-20 19:34:30,810 INFO m1q1 enhance1 감지 0.999 -> 클릭 (4254, 523)
2026-08-20 19:34:31,339 INFO m1q2 enhance1 감지 0.982 -> 클릭 (5217, 523)
2026-08-20 19:34:31,895 INFO m1q3 enhance1 감지 0.919 -> 클릭 (4145, 715)
2026-08-20 19:34:32,423 INFO m1q4 enhance1 감지 0.954 -> 클릭 (5216, 1039)
2026-08-20 19:34:33,003 INFO m2q2 enhance2 감지 1.000 -> 클릭 (2696, 825)
2026-08-20 19:34:33,648 INFO m1q1 enhance1 감지 0.999 -> 클릭 (4254, 523)
2026-08-20 19:34:34,197 INFO m1q2 enhance1 감지 0.921 -> 클릭 (5109, 203)
2026-08-20 19:34:34,731 INFO m1q3 enhance1 감지 0.951 -> 클릭 (4256, 1040)
2026-08-20 19:34:35,262 INFO m1q4 enhance1 감지 0.922 -> 클릭 (5109, 719)
2026-08-20 19:34:35,833 INFO m2q1 enhance2 감지 1.000 -> 클릭 (776, 825)
2026-08-20 19:34:36,502 INFO m1q1 enhance1 감지 0.921 -> 클릭 (4149, 203)
2026-08-20 19:34:37,033 INFO m1q2 enhance1 감지 0.982 -> 클릭 (5217, 523)
2026-08-20 19:34:37,569 INFO m1q3 enhance1 감지 0.919 -> 클릭 (4145, 715)
2026-08-20 19:34:38,097 INFO m1q4 enhance1 감지 0.953 -> 클릭 (5216, 1039)
2026-08-20 19:34:38,678 INFO m2q2 enhance2 감지 1.000 -> 클릭 (2696, 825)
2026-08-20 19:34:39,332 INFO m1q1 enhance1 감지 0.999 -> 클릭 (4254, 523)
2026-08-20 19:34:39,868 INFO m1q2 enhance1 감지 0.921 -> 클릭 (5109, 203)
2026-08-20 19:34:40,398 INFO m1q3 enhance1 감지 0.952 -> 클릭 (4256, 1040)
2026-08-20 19:34:40,957 INFO m1q4 enhance1 감지 0.953 -> 클릭 (5216, 1039)
2026-08-20 19:34:41,529 INFO m2q1 enhance2 감지 1.000 -> 클릭 (776, 825)
2026-08-20 19:34:42,190 INFO m1q1 enhance1 감지 0.921 -> 클릭 (4149, 203)
2026-08-20 19:34:42,721 INFO m1q2 enhance1 감지 0.982 -> 클릭 (5217, 523)
2026-08-20 19:34:43,253 INFO m1q3 enhance1 감지 0.919 -> 클릭 (4145, 715)
2026-08-20 19:34:43,786 INFO m1q4 enhance1 감지 0.953 -> 클릭 (5216, 1039)
2026-08-20 19:34:44,360 INFO m2q2 enhance2 감지 1.000 -> 클릭 (2696, 825)
2026-08-20 19:34:45,023 INFO m1q1 enhance1 감지 0.999 -> 클릭 (4254, 523)
2026-08-20 19:34:45,558 INFO m1q2 enhance1 감지 0.921 -> 클릭 (5109, 203)
2026-08-20 19:34:46,089 INFO m1q3 enhance1 감지 0.950 -> 클릭 (4256, 1040)
2026-08-20 19:34:46,621 INFO m1q4 enhance1 감지 0.953 -> 클릭 (5216, 1039)
2026-08-20 19:34:47,205 INFO m2q1 enhance2 감지 1.000 -> 클릭 (776, 825)
2026-08-20 19:34:47,853 INFO m1q1 enhance1 감지 0.922 -> 클릭 (4149, 203)
2026-08-20 19:34:48,393 INFO m1q2 enhance1 감지 0.982 -> 클릭 (5217, 523)
2026-08-20 19:34:48,926 INFO m1q3 enhance1 감지 0.919 -> 클릭 (4145, 715)
2026-08-20 19:34:49,474 INFO m1q4 enhance1 감지 0.923 -> 클릭 (5109, 719)
2026-08-20 19:34:50,056 INFO m2q2 enhance2 감지 1.000 -> 클릭 (2696, 825)
2026-08-20 19:34:50,697 INFO m1q1 enhance1 감지 0.999 -> 클릭 (4254, 523)
2026-08-20 19:34:51,229 INFO m1q2 enhance1 감지 0.982 -> 클릭 (5217, 523)
2026-08-20 19:34:51,779 INFO m1q3 enhance1 감지 0.951 -> 클릭 (4256, 1040)
2026-08-20 19:34:52,309 INFO m1q4 enhance1 감지 0.953 -> 클릭 (5216, 1039)
2026-08-20 19:34:52,882 INFO m2q1 enhance2 감지 1.000 -> 클릭 (776, 825)
2026-08-20 19:34:53,588 INFO m1q1 enhance1 감지 0.922 -> 클릭 (4149, 203)
2026-08-20 19:34:54,116 INFO m1q2 enhance1 감지 0.982 -> 클릭 (5217, 523)
2026-08-20 19:34:54,648 INFO m1q3 enhance1 감지 0.919 -> 클릭 (4145, 715)
2026-08-20 19:34:55,184 INFO m1q4 enhance1 감지 0.922 -> 클릭 (5109, 719)
2026-08-20 19:34:55,770 INFO m2q2 enhance2 감지 1.000 -> 클릭 (2696, 825)
2026-08-20 19:34:56,414 INFO m1q1 enhance1 감지 0.999 -> 클릭 (4254, 523)
2026-08-20 19:34:56,950 INFO m1q2 enhance1 감지 0.982 -> 클릭 (5217, 523)
2026-08-20 19:34:57,482 INFO m1q3 enhance1 감지 0.950 -> 클릭 (4256, 1040)
2026-08-20 19:34:58,035 INFO m1q4 enhance1 감지 0.954 -> 클릭 (5216, 1039)
2026-08-20 19:34:58,620 INFO m2q1 enhance2 감지 1.000 -> 클릭 (776, 825)
2026-08-20 19:34:59,290 INFO m1q1 enhance1 감지 0.922 -> 클릭 (4149, 203)
2026-08-20 19:34:59,821 INFO m1q2 enhance1 감지 0.982 -> 클릭 (5217, 523)
2026-08-20 19:35:00,356 INFO m1q3 enhance1 감지 0.951 -> 클릭 (4256, 1040)
2026-08-20 19:35:00,900 INFO m1q4 enhance1 감지 0.954 -> 클릭 (5216, 1039)
2026-08-20 19:35:01,471 INFO m2q2 enhance2 감지 1.000 -> 클릭 (2696, 825)
2026-08-20 19:35:02,140 INFO m1q1 enhance1 감지 0.999 -> 클릭 (4254, 523)
2026-08-20 19:35:02,676 INFO m1q2 enhance1 감지 0.982 -> 클릭 (5217, 523)
2026-08-20 19:35:03,209 INFO m1q3 enhance1 감지 0.951 -> 클릭 (4256, 1040)
2026-08-20 19:35:03,743 INFO m1q4 enhance1 감지 0.954 -> 클릭 (5216, 1039)
2026-08-20 19:35:04,346 INFO m2q1 enhance2 감지 1.000 -> 클릭 (776, 825)
2026-08-20 19:35:04,994 INFO m1q1 enhance1 감지 0.999 -> 클릭 (4254, 523)
2026-08-20 19:35:05,528 INFO m1q2 enhance1 감지 0.922 -> 클릭 (5109, 203)
2026-08-20 19:35:06,065 INFO m1q3 enhance1 감지 0.951 -> 클릭 (4256, 1040)
2026-08-20 19:35:06,592 INFO m1q4 enhance1 감지 0.922 -> 클릭 (5109, 719)
2026-08-20 19:35:07,167 INFO m2q2 enhance2 감지 1.000 -> 클릭 (2696, 825)
2026-08-20 19:35:07,816 INFO m1q1 enhance1 감지 0.921 -> 클릭 (4149, 203)
2026-08-20 19:35:08,352 INFO m1q2 enhance1 감지 0.981 -> 클릭 (5217, 523)
2026-08-20 19:35:08,897 INFO m1q3 enhance1 감지 0.919 -> 클릭 (4145, 715)
2026-08-20 19:35:09,428 INFO m1q4 enhance1 감지 0.954 -> 클릭 (5216, 1039)
2026-08-20 19:35:10,016 INFO m2q1 enhance2 감지 1.000 -> 클릭 (776, 825)
2026-08-20 19:35:10,683 INFO m1q1 enhance1 감지 0.999 -> 클릭 (4254, 523)
2026-08-20 19:35:11,220 INFO m1q2 enhance1 감지 0.922 -> 클릭 (5109, 203)
2026-08-20 19:35:11,750 INFO m1q3 enhance1 감지 0.950 -> 클릭 (4256, 1040)
2026-08-20 19:35:12,287 INFO m1q4 enhance1 감지 0.922 -> 클릭 (5109, 719)
2026-08-20 19:35:12,865 INFO m2q2 enhance2 감지 1.000 -> 클릭 (2696, 825)
2026-08-20 19:35:13,516 INFO m1q1 enhance1 감지 0.921 -> 클릭 (4149, 203)
2026-08-20 19:35:14,051 INFO m1q2 enhance1 감지 0.982 -> 클릭 (5217, 523)
2026-08-20 19:35:14,588 INFO m1q3 enhance1 감지 0.950 -> 클릭 (4256, 1040)
2026-08-20 19:35:15,135 INFO m1q4 enhance1 감지 0.953 -> 클릭 (5216, 1039)
2026-08-20 19:35:15,711 INFO m2q1 enhance2 감지 1.000 -> 클릭 (776, 825)
2026-08-20 19:35:16,358 INFO m1q1 enhance1 감지 0.999 -> 클릭 (4254, 523)
2026-08-20 19:35:16,890 INFO m1q2 enhance1 감지 0.922 -> 클릭 (5109, 203)
2026-08-20 19:35:17,421 INFO m1q3 enhance1 감지 0.919 -> 클릭 (4145, 715)
2026-08-20 19:35:17,959 INFO m1q4 enhance1 감지 0.922 -> 클릭 (5109, 719)
2026-08-20 19:35:18,533 INFO m2q2 enhance2 감지 1.000 -> 클릭 (2696, 825)
2026-08-20 19:35:19,193 INFO m1q1 enhance1 감지 0.921 -> 클릭 (4149, 203)
2026-08-20 19:35:19,726 INFO m1q2 enhance1 감지 0.981 -> 클릭 (5217, 523)
2026-08-20 19:35:20,259 INFO m1q3 enhance1 감지 0.951 -> 클릭 (4256, 1040)
2026-08-20 19:35:20,794 INFO m1q4 enhance1 감지 0.954 -> 클릭 (5216, 1039)
2026-08-20 19:35:21,377 INFO m2q1 enhance2 감지 1.000 -> 클릭 (776, 825)
2026-08-20 19:35:22,024 INFO m1q1 enhance1 감지 0.999 -> 클릭 (4254, 523)
2026-08-20 19:35:22,556 INFO m1q2 enhance1 감지 0.922 -> 클릭 (5109, 203)
2026-08-20 19:35:23,077 INFO m1q3 enhance1 감지 0.919 -> 클릭 (4145, 715)
2026-08-20 19:35:23,609 INFO m1q4 enhance1 감지 0.953 -> 클릭 (5216, 1039)
2026-08-20 19:35:24,188 INFO m2q2 enhance2 감지 1.000 -> 클릭 (2696, 825)
2026-08-20 19:35:24,832 INFO m1q1 enhance1 감지 0.921 -> 클릭 (4149, 203)
2026-08-20 19:35:25,362 INFO m1q2 enhance1 감지 0.981 -> 클릭 (5217, 523)
2026-08-20 19:35:25,894 INFO m1q3 enhance1 감지 0.951 -> 클릭 (4256, 1040)
2026-08-20 19:35:26,414 INFO m1q4 enhance1 감지 0.953 -> 클릭 (5216, 1039)
2026-08-20 19:35:26,988 INFO m2q1 enhance2 감지 1.000 -> 클릭 (776, 825)
2026-08-20 19:35:27,632 INFO m1q1 enhance1 감지 0.999 -> 클릭 (4254, 523)
2026-08-20 19:35:28,170 INFO m1q2 enhance1 감지 0.922 -> 클릭 (5109, 203)
2026-08-20 19:35:28,719 INFO m1q3 enhance1 감지 0.951 -> 클릭 (4256, 1040)
2026-08-20 19:35:29,253 INFO m1q4 enhance1 감지 0.953 -> 클릭 (5216, 1039)
2026-08-20 19:35:29,831 INFO m2q2 enhance2 감지 1.000 -> 클릭 (2696, 825)
2026-08-20 19:35:30,487 INFO m1q1 enhance1 감지 0.921 -> 클릭 (4149, 203)
2026-08-20 19:35:31,020 INFO m1q2 enhance1 감지 0.982 -> 클릭 (5217, 523)
2026-08-20 19:35:31,553 INFO m1q3 enhance1 감지 0.951 -> 클릭 (4256, 1040)
2026-08-20 19:35:32,106 INFO m1q4 enhance1 감지 0.953 -> 클릭 (5216, 1039)
2026-08-20 19:35:32,692 INFO m2q1 enhance2 감지 1.000 -> 클릭 (776, 825)
2026-08-20 19:35:33,361 INFO m1q1 enhance1 감지 0.999 -> 클릭 (4254, 523)
2026-08-20 19:35:33,890 INFO m1q2 enhance1 감지 0.922 -> 클릭 (5109, 203)
2026-08-20 19:35:34,439 INFO m1q3 enhance1 감지 0.951 -> 클릭 (4256, 1040)
2026-08-20 19:35:34,992 INFO m1q4 enhance1 감지 0.922 -> 클릭 (5109, 719)
2026-08-20 19:35:35,565 INFO m2q2 enhance2 감지 1.000 -> 클릭 (2696, 825)
2026-08-20 19:35:36,208 INFO m1q1 enhance1 감지 0.921 -> 클릭 (4149, 203)
2026-08-20 19:35:36,745 INFO m1q2 enhance1 감지 0.981 -> 클릭 (5217, 523)
2026-08-20 19:35:37,278 INFO m1q3 enhance1 감지 0.951 -> 클릭 (4256, 1040)
2026-08-20 19:35:37,814 INFO m1q4 enhance1 감지 0.954 -> 클릭 (5216, 1039)
2026-08-20 19:35:38,388 INFO m2q1 enhance2 감지 1.000 -> 클릭 (776, 825)
2026-08-20 19:35:39,030 INFO m1q1 enhance1 감지 0.999 -> 클릭 (4254, 523)
2026-08-20 19:35:39,568 INFO m1q2 enhance1 감지 0.981 -> 클릭 (5217, 523)
2026-08-20 19:35:40,099 INFO m1q3 enhance1 감지 0.951 -> 클릭 (4256, 1040)
2026-08-20 19:35:40,630 INFO m1q4 enhance1 감지 0.954 -> 클릭 (5216, 1039)
2026-08-20 19:35:41,238 INFO m2q2 enhance2 감지 1.000 -> 클릭 (2696, 825)
2026-08-20 19:35:41,883 INFO m1q1 enhance1 감지 0.922 -> 클릭 (4149, 203)
2026-08-20 19:35:42,430 INFO m1q2 enhance1 감지 0.981 -> 클릭 (5217, 523)
2026-08-20 19:35:42,963 INFO m1q3 enhance1 감지 0.920 -> 클릭 (4145, 715)
2026-08-20 19:35:43,497 INFO m1q4 enhance1 감지 0.922 -> 클릭 (5109, 719)
2026-08-20 19:35:44,078 INFO m2q1 enhance2 감지 1.000 -> 클릭 (776, 825)
2026-08-20 19:35:44,721 INFO m1q1 enhance1 감지 0.999 -> 클릭 (4254, 523)
2026-08-20 19:35:45,254 INFO m1q2 enhance1 감지 0.922 -> 클릭 (5109, 203)
2026-08-20 19:35:45,789 INFO m1q3 enhance1 감지 0.950 -> 클릭 (4256, 1040)
2026-08-20 19:35:46,321 INFO m1q4 enhance1 감지 0.953 -> 클릭 (5216, 1039)
2026-08-20 19:35:46,919 INFO m2q2 enhance2 감지 1.000 -> 클릭 (2696, 825)
2026-08-20 19:35:47,593 INFO m1q1 enhance1 감지 0.999 -> 클릭 (4254, 523)
2026-08-20 19:35:48,124 INFO m1q2 enhance1 감지 0.982 -> 클릭 (5217, 523)
2026-08-20 19:35:48,656 INFO m1q3 enhance1 감지 0.920 -> 클릭 (4145, 715)
2026-08-20 19:35:49,188 INFO m1q4 enhance1 감지 0.953 -> 클릭 (5216, 1039)
2026-08-20 19:35:49,765 INFO m2q1 enhance2 감지 1.000 -> 클릭 (776, 825)
2026-08-20 19:35:50,410 INFO m1q1 enhance1 감지 0.922 -> 클릭 (4149, 203)
2026-08-20 19:35:50,940 INFO m1q2 enhance1 감지 0.922 -> 클릭 (5109, 203)
2026-08-20 19:35:51,471 INFO m1q3 enhance1 감지 0.950 -> 클릭 (4256, 1040)
2026-08-20 19:35:52,007 INFO m1q4 enhance1 감지 0.922 -> 클릭 (5109, 719)
2026-08-20 19:35:52,590 INFO m2q2 enhance2 감지 1.000 -> 클릭 (2696, 825)
2026-08-20 19:35:53,257 INFO m1q1 enhance1 감지 0.999 -> 클릭 (4254, 523)
2026-08-20 19:35:53,797 INFO m1q2 enhance1 감지 0.982 -> 클릭 (5217, 523)
2026-08-20 19:35:54,330 INFO m1q3 enhance1 감지 0.950 -> 클릭 (4256, 1040)
2026-08-20 19:35:54,861 INFO m1q4 enhance1 감지 0.953 -> 클릭 (5216, 1039)
2026-08-20 19:35:55,433 INFO m2q1 enhance2 감지 1.000 -> 클릭 (776, 825)
2026-08-20 19:35:56,078 INFO m1q1 enhance1 감지 0.999 -> 클릭 (4254, 523)
2026-08-20 19:35:56,615 INFO m1q2 enhance1 감지 0.922 -> 클릭 (5109, 203)
2026-08-20 19:35:57,164 INFO m1q3 enhance1 감지 0.951 -> 클릭 (4256, 1040)
2026-08-20 19:35:57,697 INFO m1q4 enhance1 감지 0.953 -> 클릭 (5216, 1039)
2026-08-20 19:35:58,281 INFO m2q2 enhance2 감지 1.000 -> 클릭 (2696, 825)
2026-08-20 19:35:58,930 INFO m1q1 enhance1 감지 0.999 -> 클릭 (4254, 523)
2026-08-20 19:35:59,465 INFO m1q2 enhance1 감지 0.982 -> 클릭 (5217, 523)
2026-08-20 19:36:00,001 INFO m1q3 enhance1 감지 0.920 -> 클릭 (4145, 715)
2026-08-20 19:36:00,533 INFO m1q4 enhance1 감지 0.923 -> 클릭 (5109, 719)
2026-08-20 19:36:01,110 INFO m2q1 enhance2 감지 1.000 -> 클릭 (776, 825)
2026-08-20 19:36:01,751 INFO m1q1 enhance1 감지 0.921 -> 클릭 (4149, 203)
2026-08-20 19:36:02,286 INFO m1q2 enhance1 감지 0.922 -> 클릭 (5109, 203)
2026-08-20 19:36:02,845 INFO m1q3 enhance1 감지 0.951 -> 클릭 (4256, 1040)
2026-08-20 19:36:03,383 INFO m1q4 enhance1 감지 0.953 -> 클릭 (5216, 1039)
2026-08-20 19:36:03,946 INFO m2q2 enhance2 감지 1.000 -> 클릭 (2696, 825)
2026-08-20 19:36:04,608 INFO m1q1 enhance1 감지 0.999 -> 클릭 (4254, 523)
2026-08-20 19:36:05,141 INFO m1q2 enhance1 감지 0.981 -> 클릭 (5217, 523)
2026-08-20 19:36:05,675 INFO m1q3 enhance1 감지 0.919 -> 클릭 (4145, 715)
2026-08-20 19:36:06,226 INFO m1q4 enhance1 감지 0.923 -> 클릭 (5109, 719)
2026-08-20 19:36:06,800 INFO m2q1 enhance2 감지 1.000 -> 클릭 (776, 825)
2026-08-20 19:36:07,444 INFO m1q1 enhance1 감지 0.999 -> 클릭 (4254, 523)
2026-08-20 19:36:07,984 INFO m1q2 enhance1 감지 0.982 -> 클릭 (5217, 523)
2026-08-20 19:36:08,524 INFO m1q3 enhance1 감지 0.951 -> 클릭 (4256, 1040)
2026-08-20 19:36:09,058 INFO m1q4 enhance1 감지 0.954 -> 클릭 (5216, 1039)
2026-08-20 19:36:09,637 INFO m2q2 enhance2 감지 1.000 -> 클릭 (2696, 825)
2026-08-20 19:36:10,281 INFO m1q1 enhance1 감지 0.922 -> 클릭 (4149, 203)
2026-08-20 19:36:10,814 INFO m1q2 enhance1 감지 0.982 -> 클릭 (5217, 523)
2026-08-20 19:36:11,368 INFO m1q3 enhance1 감지 0.919 -> 클릭 (4145, 715)
2026-08-20 19:36:11,897 INFO m1q4 enhance1 감지 0.954 -> 클릭 (5216, 1039)
2026-08-20 19:36:12,486 INFO m2q1 enhance2 감지 1.000 -> 클릭 (776, 825)
2026-08-20 19:36:13,129 INFO m1q1 enhance1 감지 0.999 -> 클릭 (4254, 523)
2026-08-20 19:36:13,665 INFO m1q2 enhance1 감지 0.982 -> 클릭 (5217, 523)
2026-08-20 19:36:14,200 INFO m1q3 enhance1 감지 0.951 -> 클릭 (4256, 1040)
2026-08-20 19:36:14,731 INFO m1q4 enhance1 감지 0.953 -> 클릭 (5216, 1039)
2026-08-20 19:36:15,313 INFO m2q2 enhance2 감지 1.000 -> 클릭 (2696, 825)
2026-08-20 19:36:15,969 INFO m1q1 enhance1 감지 0.921 -> 클릭 (4149, 203)
2026-08-20 19:36:16,500 INFO m1q2 enhance1 감지 0.922 -> 클릭 (5109, 203)
2026-08-20 19:36:17,036 INFO m1q3 enhance1 감지 0.919 -> 클릭 (4145, 715)
2026-08-20 19:36:17,581 INFO m1q4 enhance1 감지 0.953 -> 클릭 (5216, 1039)
2026-08-20 19:36:18,149 INFO m2q1 enhance2 감지 1.000 -> 클릭 (776, 825)
2026-08-20 19:36:18,803 INFO m1q1 enhance1 감지 0.999 -> 클릭 (4254, 523)
2026-08-20 19:36:19,335 INFO m1q2 enhance1 감지 0.981 -> 클릭 (5217, 523)
2026-08-20 19:36:19,871 INFO m1q3 enhance1 감지 0.951 -> 클릭 (4256, 1040)
2026-08-20 19:36:20,401 INFO m1q4 enhance1 감지 0.921 -> 클릭 (5109, 719)
2026-08-20 19:36:20,964 INFO m2q2 enhance2 감지 1.000 -> 클릭 (2696, 825)
2026-08-20 19:36:21,629 INFO m1q1 enhance1 감지 0.999 -> 클릭 (4254, 523)
2026-08-20 19:36:22,160 INFO m1q2 enhance1 감지 0.922 -> 클릭 (5109, 203)
2026-08-20 19:36:22,689 INFO m1q3 enhance1 감지 0.951 -> 클릭 (4256, 1040)
2026-08-20 19:36:23,226 INFO m1q4 enhance1 감지 0.953 -> 클릭 (5216, 1039)
2026-08-20 19:36:23,797 INFO m2q1 enhance2 감지 1.000 -> 클릭 (776, 825)
2026-08-20 19:36:24,459 INFO m1q1 enhance1 감지 0.999 -> 클릭 (4254, 523)
2026-08-20 19:36:24,993 INFO m1q2 enhance1 감지 0.981 -> 클릭 (5217, 523)
2026-08-20 19:36:25,547 INFO m1q3 enhance1 감지 0.951 -> 클릭 (4256, 1040)
2026-08-20 19:36:26,084 INFO m1q4 enhance1 감지 0.921 -> 클릭 (5109, 719)
2026-08-20 19:36:26,655 INFO m2q2 enhance2 감지 1.000 -> 클릭 (2696, 825)
2026-08-20 19:36:27,312 INFO m1q1 enhance1 감지 0.999 -> 클릭 (4254, 523)
2026-08-20 19:36:27,845 INFO m1q2 enhance1 감지 0.921 -> 클릭 (5109, 203)
2026-08-20 19:36:28,379 INFO m1q3 enhance1 감지 0.951 -> 클릭 (4256, 1040)
2026-08-20 19:36:28,913 INFO m1q4 enhance1 감지 0.953 -> 클릭 (5216, 1039)
2026-08-20 19:36:29,493 INFO m2q1 enhance2 감지 1.000 -> 클릭 (776, 825)
2026-08-20 19:36:30,132 INFO m1q1 enhance1 감지 0.999 -> 클릭 (4254, 523)
2026-08-20 19:36:30,670 INFO m1q2 enhance1 감지 0.982 -> 클릭 (5217, 523)
2026-08-20 19:36:31,200 INFO m1q3 enhance1 감지 0.919 -> 클릭 (4145, 715)
2026-08-20 19:36:31,734 INFO m1q4 enhance1 감지 0.921 -> 클릭 (5109, 719)
2026-08-20 19:36:32,321 INFO m2q2 enhance2 감지 1.000 -> 클릭 (2696, 825)
2026-08-20 19:36:32,971 INFO m1q1 enhance1 감지 0.999 -> 클릭 (4254, 523)
2026-08-20 19:36:33,501 INFO m1q2 enhance1 감지 0.922 -> 클릭 (5109, 203)
2026-08-20 19:36:34,033 INFO m1q3 enhance1 감지 0.951 -> 클릭 (4256, 1040)
2026-08-20 19:36:34,572 INFO m1q4 enhance1 감지 0.954 -> 클릭 (5216, 1039)
2026-08-20 19:36:35,151 INFO m2q1 enhance2 감지 1.000 -> 클릭 (776, 825)
2026-08-20 19:36:35,805 INFO m1q1 enhance1 감지 0.999 -> 클릭 (4254, 523)
2026-08-20 19:36:36,337 INFO m1q2 enhance1 감지 0.982 -> 클릭 (5217, 523)
2026-08-20 19:36:36,873 INFO m1q3 enhance1 감지 0.919 -> 클릭 (4145, 715)
2026-08-20 19:36:37,401 INFO m1q4 enhance1 감지 0.922 -> 클릭 (5109, 719)
2026-08-20 19:36:37,979 INFO m2q2 enhance2 감지 1.000 -> 클릭 (2696, 825)
2026-08-20 19:36:38,628 INFO m1q1 enhance1 감지 0.999 -> 클릭 (4254, 523)
2026-08-20 19:36:39,157 INFO m1q2 enhance1 감지 0.922 -> 클릭 (5109, 203)
2026-08-20 19:36:39,692 INFO m1q3 enhance1 감지 0.951 -> 클릭 (4256, 1040)
2026-08-20 19:36:40,250 INFO m1q4 enhance1 감지 0.953 -> 클릭 (5216, 1039)
2026-08-20 19:36:40,832 INFO m2q1 enhance2 감지 1.000 -> 클릭 (776, 825)
2026-08-20 19:36:41,479 INFO m1q1 enhance1 감지 0.999 -> 클릭 (4254, 523)
2026-08-20 19:36:42,009 INFO m1q2 enhance1 감지 0.982 -> 클릭 (5217, 523)
2026-08-20 19:36:42,550 INFO m1q3 enhance1 감지 0.919 -> 클릭 (4145, 715)
2026-08-20 19:36:43,078 INFO m1q4 enhance1 감지 0.953 -> 클릭 (5216, 1039)
2026-08-20 19:36:43,658 INFO m2q2 enhance2 감지 1.000 -> 클릭 (2696, 825)
2026-08-20 19:36:44,296 INFO m1q1 enhance1 감지 0.999 -> 클릭 (4254, 523)
2026-08-20 19:36:44,833 INFO m1q2 enhance1 감지 0.922 -> 클릭 (5109, 203)
2026-08-20 19:36:45,379 INFO m1q3 enhance1 감지 0.951 -> 클릭 (4256, 1040)
2026-08-20 19:36:45,916 INFO m1q4 enhance1 감지 0.922 -> 클릭 (5109, 719)
2026-08-20 19:36:46,488 INFO m2q1 enhance2 감지 1.000 -> 클릭 (776, 825)
2026-08-20 19:36:47,142 INFO m1q1 enhance1 감지 0.999 -> 클릭 (4254, 523)
2026-08-20 19:36:47,674 INFO m1q2 enhance1 감지 0.982 -> 클릭 (5217, 523)
2026-08-20 19:36:48,207 INFO m1q3 enhance1 감지 0.951 -> 클릭 (4256, 1040)
2026-08-20 19:36:48,739 INFO m1q4 enhance1 감지 0.954 -> 클릭 (5216, 1039)
2026-08-20 19:36:49,321 INFO m2q2 enhance2 감지 1.000 -> 클릭 (2696, 825)
2026-08-20 19:36:49,972 INFO m1q1 enhance1 감지 0.999 -> 클릭 (4254, 523)
2026-08-20 19:36:50,504 INFO m1q2 enhance1 감지 0.921 -> 클릭 (5109, 203)
2026-08-20 19:36:51,041 INFO m1q3 enhance1 감지 0.919 -> 클릭 (4145, 715)
2026-08-20 19:36:51,574 INFO m1q4 enhance1 감지 0.922 -> 클릭 (5109, 719)
2026-08-20 19:36:52,180 INFO m2q1 enhance2 감지 1.000 -> 클릭 (776, 825)
2026-08-20 19:36:52,827 INFO m1q1 enhance1 감지 0.999 -> 클릭 (4254, 523)
2026-08-20 19:36:53,361 INFO m1q2 enhance1 감지 0.982 -> 클릭 (5217, 523)
2026-08-20 19:36:53,892 INFO m1q3 enhance1 감지 0.951 -> 클릭 (4256, 1040)
2026-08-20 19:36:54,438 INFO m1q4 enhance1 감지 0.954 -> 클릭 (5216, 1039)
2026-08-20 19:36:54,995 INFO m2q2 enhance2 감지 1.000 -> 클릭 (2696, 825)
2026-08-20 19:36:55,643 INFO m1q1 enhance1 감지 0.922 -> 클릭 (4149, 203)
2026-08-20 19:36:56,179 INFO m1q2 enhance1 감지 0.921 -> 클릭 (5109, 203)
2026-08-20 19:36:56,713 INFO m1q3 enhance1 감지 0.919 -> 클릭 (4145, 715)
2026-08-20 19:36:57,244 INFO m1q4 enhance1 감지 0.953 -> 클릭 (5216, 1039)
2026-08-20 19:36:57,828 INFO m2q1 enhance2 감지 1.000 -> 클릭 (776, 825)
2026-08-20 19:36:58,496 INFO m1q1 enhance1 감지 0.999 -> 클릭 (4254, 523)
2026-08-20 19:36:59,049 INFO m1q2 enhance1 감지 0.982 -> 클릭 (5217, 523)
2026-08-20 19:36:59,579 INFO m1q3 enhance1 감지 0.951 -> 클릭 (4256, 1040)
2026-08-20 19:37:00,116 INFO m1q4 enhance1 감지 0.922 -> 클릭 (5109, 719)
2026-08-20 19:37:00,689 INFO m2q2 enhance2 감지 1.000 -> 클릭 (2696, 825)
2026-08-20 19:37:01,334 INFO m1q1 enhance1 감지 0.921 -> 클릭 (4149, 203)
2026-08-20 19:37:01,883 INFO m1q2 enhance1 감지 0.921 -> 클릭 (5109, 203)
2026-08-20 19:37:02,415 INFO m1q3 enhance1 감지 0.951 -> 클릭 (4256, 1040)
2026-08-20 19:37:02,946 INFO m1q4 enhance1 감지 0.954 -> 클릭 (5216, 1039)
2026-08-20 19:37:03,508 INFO m2q1 enhance2 감지 1.000 -> 클릭 (776, 825)
2026-08-20 19:37:04,155 INFO m1q1 enhance1 감지 0.999 -> 클릭 (4254, 523)
2026-08-20 19:37:04,687 INFO m1q2 enhance1 감지 0.981 -> 클릭 (5217, 523)
2026-08-20 19:37:05,223 INFO m1q3 enhance1 감지 0.919 -> 클릭 (4145, 715)
2026-08-20 19:37:05,755 INFO m1q4 enhance1 감지 0.922 -> 클릭 (5109, 719)
2026-08-20 19:37:06,331 INFO m2q2 enhance2 감지 1.000 -> 클릭 (2696, 825)
2026-08-20 19:37:06,986 INFO m1q1 enhance1 감지 0.922 -> 클릭 (4149, 203)
2026-08-20 19:37:07,517 INFO m1q2 enhance1 감지 0.921 -> 클릭 (5109, 203)
2026-08-20 19:37:08,036 INFO m1q3 enhance1 감지 0.951 -> 클릭 (4256, 1040)
2026-08-20 19:37:08,574 INFO m1q4 enhance1 감지 0.953 -> 클릭 (5216, 1039)
2026-08-20 19:37:09,147 INFO m2q1 enhance2 감지 1.000 -> 클릭 (776, 825)
2026-08-20 19:37:09,812 INFO m1q1 enhance1 감지 0.999 -> 클릭 (4254, 523)
2026-08-20 19:37:10,344 INFO m1q2 enhance1 감지 0.981 -> 클릭 (5217, 523)
2026-08-20 19:37:10,893 INFO m1q3 enhance1 감지 0.919 -> 클릭 (4145, 715)
2026-08-20 19:37:11,422 INFO m1q4 enhance1 감지 0.922 -> 클릭 (5109, 719)
2026-08-20 19:37:11,980 INFO m2q2 enhance2 감지 1.000 -> 클릭 (2696, 825)
2026-08-20 19:37:12,648 INFO m1q1 enhance1 감지 0.921 -> 클릭 (4149, 203)
2026-08-20 19:37:13,180 INFO m1q2 enhance1 감지 0.922 -> 클릭 (5109, 203)
2026-08-20 19:37:13,713 INFO m1q3 enhance1 감지 0.951 -> 클릭 (4256, 1040)
2026-08-20 19:37:14,246 INFO m1q4 enhance1 감지 0.953 -> 클릭 (5216, 1039)
2026-08-20 19:37:14,860 INFO m2q1 enhance2 감지 1.000 -> 클릭 (776, 825)
2026-08-20 19:37:15,509 INFO m1q1 enhance1 감지 0.999 -> 클릭 (4254, 523)
2026-08-20 19:37:16,028 INFO m1q2 enhance1 감지 0.982 -> 클릭 (5217, 523)
2026-08-20 19:37:16,578 INFO m1q3 enhance1 감지 0.919 -> 클릭 (4145, 715)
2026-08-20 19:37:17,113 INFO m1q4 enhance1 감지 0.953 -> 클릭 (5216, 1039)
2026-08-20 19:37:17,691 INFO m2q2 enhance2 감지 1.000 -> 클릭 (2696, 825)
2026-08-20 19:37:18,336 INFO m1q1 enhance1 감지 0.999 -> 클릭 (4254, 523)
2026-08-20 19:37:18,888 INFO m1q2 enhance1 감지 0.982 -> 클릭 (5217, 523)
2026-08-20 19:37:19,413 INFO m1q3 enhance1 감지 0.951 -> 클릭 (4256, 1040)
2026-08-20 19:37:19,951 INFO m1q4 enhance1 감지 0.922 -> 클릭 (5109, 719)
2026-08-20 19:37:20,525 INFO m2q1 enhance2 감지 1.000 -> 클릭 (776, 825)
2026-08-20 19:37:21,171 INFO m1q1 enhance1 감지 0.999 -> 클릭 (4254, 523)
2026-08-20 19:37:21,704 INFO m1q2 enhance1 감지 0.981 -> 클릭 (5217, 523)
2026-08-20 19:37:22,241 INFO m1q3 enhance1 감지 0.919 -> 클릭 (4145, 715)
2026-08-20 19:37:22,772 INFO m1q4 enhance1 감지 0.953 -> 클릭 (5216, 1039)
2026-08-20 19:37:23,350 INFO m2q2 enhance2 감지 1.000 -> 클릭 (2696, 825)
2026-08-20 19:37:24,019 INFO m1q1 enhance1 감지 0.999 -> 클릭 (4254, 523)
2026-08-20 19:37:24,574 INFO m1q2 enhance1 감지 0.981 -> 클릭 (5217, 523)
2026-08-20 19:37:25,106 INFO m1q3 enhance1 감지 0.951 -> 클릭 (4256, 1040)
2026-08-20 19:37:25,659 INFO m1q4 enhance1 감지 0.953 -> 클릭 (5216, 1039)
2026-08-20 19:37:26,237 INFO m2q1 enhance2 감지 1.000 -> 클릭 (776, 825)
2026-08-20 19:37:26,876 INFO m1q1 enhance1 감지 0.922 -> 클릭 (4149, 203)
2026-08-20 19:37:27,406 INFO m1q2 enhance1 감지 0.922 -> 클릭 (5109, 203)
2026-08-20 19:37:27,941 INFO m1q3 enhance1 감지 0.951 -> 클릭 (4256, 1040)
2026-08-20 19:37:28,472 INFO m1q4 enhance1 감지 0.953 -> 클릭 (5216, 1039)
2026-08-20 19:37:29,057 INFO m2q2 enhance2 감지 1.000 -> 클릭 (2696, 825)
2026-08-20 19:37:29,696 INFO m1q1 enhance1 감지 0.999 -> 클릭 (4254, 523)
2026-08-20 19:37:30,263 INFO m1q2 enhance1 감지 0.982 -> 클릭 (5217, 523)
2026-08-20 19:37:30,797 INFO m1q3 enhance1 감지 0.919 -> 클릭 (4145, 715)
2026-08-20 19:37:31,331 INFO m1q4 enhance1 감지 0.953 -> 클릭 (5216, 1039)
2026-08-20 19:37:31,916 INFO m2q1 enhance2 감지 1.000 -> 클릭 (776, 825)
2026-08-20 19:37:32,581 INFO m1q1 enhance1 감지 0.999 -> 클릭 (4254, 523)
2026-08-20 19:37:33,111 INFO m1q2 enhance1 감지 0.922 -> 클릭 (5109, 203)
2026-08-20 19:37:33,631 INFO m1q3 enhance1 감지 0.951 -> 클릭 (4256, 1040)
2026-08-20 19:37:34,165 INFO m1q4 enhance1 감지 0.953 -> 클릭 (5216, 1039)
2026-08-20 19:37:34,754 INFO m2q2 enhance2 감지 1.000 -> 클릭 (2696, 825)
2026-08-20 19:37:35,399 INFO m1q1 enhance1 감지 0.999 -> 클릭 (4254, 523)
2026-08-20 19:37:35,935 INFO m1q2 enhance1 감지 0.981 -> 클릭 (5217, 523)
2026-08-20 19:37:36,466 INFO m1q3 enhance1 감지 0.919 -> 클릭 (4145, 715)
2026-08-20 19:37:37,000 INFO m1q4 enhance1 감지 0.953 -> 클릭 (5216, 1039)
2026-08-20 19:37:37,577 INFO m2q1 enhance2 감지 1.000 -> 클릭 (776, 825)
2026-08-20 19:37:38,219 INFO m1q1 enhance1 감지 0.999 -> 클릭 (4254, 523)
2026-08-20 19:37:38,760 INFO m1q2 enhance1 감지 0.922 -> 클릭 (5109, 203)
2026-08-20 19:37:39,293 INFO m1q3 enhance1 감지 0.951 -> 클릭 (4256, 1040)
2026-08-20 19:37:39,824 INFO m1q4 enhance1 감지 0.921 -> 클릭 (5109, 719)
2026-08-20 19:37:40,393 INFO m2q2 enhance2 감지 1.000 -> 클릭 (2696, 825)
2026-08-20 19:37:41,038 INFO m1q1 enhance1 감지 0.922 -> 클릭 (4149, 203)
2026-08-20 19:37:41,592 INFO m1q2 enhance1 감지 0.982 -> 클릭 (5217, 523)
2026-08-20 19:37:42,125 INFO m1q3 enhance1 감지 0.919 -> 클릭 (4145, 715)
2026-08-20 19:37:42,661 INFO m1q4 enhance1 감지 0.953 -> 클릭 (5216, 1039)
2026-08-20 19:37:43,238 INFO m2q1 enhance2 감지 1.000 -> 클릭 (776, 825)
2026-08-20 19:37:43,896 INFO m1q1 enhance1 감지 0.999 -> 클릭 (4254, 523)
2026-08-20 19:37:44,428 INFO m1q2 enhance1 감지 0.922 -> 클릭 (5109, 203)
2026-08-20 19:37:44,982 INFO m1q3 enhance1 감지 0.951 -> 클릭 (4256, 1040)
2026-08-20 19:37:45,510 INFO m1q4 enhance1 감지 0.921 -> 클릭 (5109, 719)
2026-08-20 19:37:46,086 INFO m2q2 enhance2 감지 1.000 -> 클릭 (2696, 825)
2026-08-20 19:37:46,729 INFO m1q1 enhance1 감지 0.922 -> 클릭 (4149, 203)
2026-08-20 19:37:47,266 INFO m1q2 enhance1 감지 0.982 -> 클릭 (5217, 523)
2026-08-20 19:37:47,794 INFO m1q3 enhance1 감지 0.951 -> 클릭 (4256, 1040)
2026-08-20 19:37:48,326 INFO m1q4 enhance1 감지 0.953 -> 클릭 (5216, 1039)
2026-08-20 19:37:48,887 INFO m2q1 enhance2 감지 1.000 -> 클릭 (776, 825)
2026-08-20 19:37:49,548 INFO m1q1 enhance1 감지 0.999 -> 클릭 (4254, 523)
2026-08-20 19:37:50,084 INFO m1q2 enhance1 감지 0.982 -> 클릭 (5217, 523)
2026-08-20 19:37:50,620 INFO m1q3 enhance1 감지 0.951 -> 클릭 (4256, 1040)
2026-08-20 19:37:51,188 INFO m1q4 enhance1 감지 0.921 -> 클릭 (5109, 719)
2026-08-20 19:37:51,770 INFO m2q2 enhance2 감지 1.000 -> 클릭 (2696, 825)
2026-08-20 19:37:52,416 INFO m1q1 enhance1 감지 0.921 -> 클릭 (4149, 203)
2026-08-20 19:37:52,954 INFO m1q2 enhance1 감지 0.982 -> 클릭 (5217, 523)
2026-08-20 19:37:53,489 INFO m1q3 enhance1 감지 0.951 -> 클릭 (4256, 1040)
2026-08-20 19:37:54,019 INFO m1q4 enhance1 감지 0.954 -> 클릭 (5216, 1039)
2026-08-20 19:37:54,596 INFO m2q1 enhance2 감지 1.000 -> 클릭 (776, 825)
2026-08-20 19:37:55,250 INFO m1q1 enhance1 감지 0.999 -> 클릭 (4254, 523)
2026-08-20 19:37:55,777 INFO m1q2 enhance1 감지 0.922 -> 클릭 (5109, 203)
2026-08-20 19:37:56,324 INFO m1q3 enhance1 감지 0.951 -> 클릭 (4256, 1040)
2026-08-20 19:37:56,857 INFO m1q4 enhance1 감지 0.953 -> 클릭 (5216, 1039)
2026-08-20 19:37:57,430 INFO m2q2 enhance2 감지 1.000 -> 클릭 (2696, 825)
2026-08-20 19:37:58,078 INFO m1q1 enhance1 감지 0.999 -> 클릭 (4254, 523)
2026-08-20 19:37:58,610 INFO m1q2 enhance1 감지 0.982 -> 클릭 (5217, 523)
2026-08-20 19:37:59,148 INFO m1q3 enhance1 감지 0.951 -> 클릭 (4256, 1040)
2026-08-20 19:37:59,677 INFO m1q4 enhance1 감지 0.953 -> 클릭 (5216, 1039)
2026-08-20 19:38:00,264 INFO m2q1 enhance2 감지 1.000 -> 클릭 (776, 825)
2026-08-20 19:38:00,914 INFO m1q1 enhance1 감지 0.999 -> 클릭 (4254, 523)
2026-08-20 19:38:01,465 INFO m1q2 enhance1 감지 0.922 -> 클릭 (5109, 203)
2026-08-20 19:38:01,999 INFO m1q3 enhance1 감지 0.951 -> 클릭 (4256, 1040)
2026-08-20 19:38:02,529 INFO m1q4 enhance1 감지 0.953 -> 클릭 (5216, 1039)
2026-08-20 19:38:03,109 INFO m2q2 enhance2 감지 1.000 -> 클릭 (2696, 825)
2026-08-20 19:38:03,763 INFO m1q1 enhance1 감지 0.922 -> 클릭 (4149, 203)
2026-08-20 19:38:04,299 INFO m1q2 enhance1 감지 0.981 -> 클릭 (5217, 523)
2026-08-20 19:38:04,833 INFO m1q3 enhance1 감지 0.951 -> 클릭 (4256, 1040)
2026-08-20 19:38:05,364 INFO m1q4 enhance1 감지 0.922 -> 클릭 (5109, 719)
2026-08-20 19:38:05,939 INFO m2q1 enhance2 감지 1.000 -> 클릭 (776, 825)
2026-08-20 19:38:06,589 INFO m1q1 enhance1 감지 0.999 -> 클릭 (4254, 523)
2026-08-20 19:38:07,121 INFO m1q2 enhance1 감지 0.981 -> 클릭 (5217, 523)
2026-08-20 19:38:07,649 INFO m1q3 enhance1 감지 0.920 -> 클릭 (4145, 715)
2026-08-20 19:38:08,188 INFO m1q4 enhance1 감지 0.954 -> 클릭 (5216, 1039)
2026-08-20 19:38:08,767 INFO m2q2 enhance2 감지 1.000 -> 클릭 (2696, 825)
2026-08-20 19:38:09,440 INFO m1q1 enhance1 감지 0.999 -> 클릭 (4254, 523)
2026-08-20 19:38:09,972 INFO m1q2 enhance1 감지 0.981 -> 클릭 (5217, 523)
2026-08-20 19:38:10,543 INFO m1q3 enhance1 감지 0.951 -> 클릭 (4256, 1040)
2026-08-20 19:38:11,071 INFO m1q4 enhance1 감지 0.922 -> 클릭 (5109, 719)
2026-08-20 19:38:11,663 INFO m2q1 enhance2 감지 1.000 -> 클릭 (776, 825)
2026-08-20 19:38:12,310 INFO m1q1 enhance1 감지 0.923 -> 클릭 (4149, 203)
2026-08-20 19:38:12,844 INFO m1q2 enhance1 감지 0.921 -> 클릭 (5109, 203)
2026-08-20 19:38:13,375 INFO m1q3 enhance1 감지 0.951 -> 클릭 (4256, 1040)
2026-08-20 19:38:13,909 INFO m1q4 enhance1 감지 0.953 -> 클릭 (5216, 1039)
2026-08-20 19:38:14,479 INFO m2q2 enhance2 감지 1.000 -> 클릭 (2696, 825)
2026-08-20 19:38:15,132 INFO m1q1 enhance1 감지 0.999 -> 클릭 (4254, 523)
2026-08-20 19:38:15,678 INFO m1q2 enhance1 감지 0.981 -> 클릭 (5217, 523)
2026-08-20 19:38:16,215 INFO m1q3 enhance1 감지 0.920 -> 클릭 (4145, 715)
2026-08-20 19:38:16,748 INFO m1q4 enhance1 감지 0.922 -> 클릭 (5109, 719)
2026-08-20 19:38:17,324 INFO m2q1 enhance2 감지 1.000 -> 클릭 (776, 825)
2026-08-20 19:38:17,964 INFO m1q1 enhance1 감지 0.999 -> 클릭 (4254, 523)
2026-08-20 19:38:18,497 INFO m1q2 enhance1 감지 0.921 -> 클릭 (5109, 203)
2026-08-20 19:38:19,061 INFO m1q3 enhance1 감지 0.951 -> 클릭 (4256, 1040)
2026-08-20 19:38:19,611 INFO m1q4 enhance1 감지 0.954 -> 클릭 (5216, 1039)
2026-08-20 19:38:20,186 INFO m2q2 enhance2 감지 1.000 -> 클릭 (2696, 825)
2026-08-20 19:38:20,853 INFO m1q1 enhance1 감지 0.999 -> 클릭 (4254, 523)
2026-08-20 19:38:21,387 INFO m1q2 enhance1 감지 0.982 -> 클릭 (5217, 523)
2026-08-20 19:38:21,922 INFO m1q3 enhance1 감지 0.951 -> 클릭 (4256, 1040)
2026-08-20 19:38:22,460 INFO m1q4 enhance1 감지 0.954 -> 클릭 (5216, 1039)
2026-08-20 19:38:23,035 INFO m2q1 enhance2 감지 1.000 -> 클릭 (776, 825)
2026-08-20 19:38:23,686 INFO m1q1 enhance1 감지 0.999 -> 클릭 (4254, 523)
2026-08-20 19:38:24,217 INFO m1q2 enhance1 감지 0.921 -> 클릭 (5109, 203)
2026-08-20 19:38:24,754 INFO m1q3 enhance1 감지 0.920 -> 클릭 (4145, 715)
2026-08-20 19:38:25,283 INFO m1q4 enhance1 감지 0.954 -> 클릭 (5216, 1039)
2026-08-20 19:38:25,862 INFO m2q2 enhance2 감지 1.000 -> 클릭 (2696, 825)
2026-08-20 19:38:26,507 INFO m1q1 enhance1 감지 0.923 -> 클릭 (4149, 203)
2026-08-20 19:38:27,039 INFO m1q2 enhance1 감지 0.982 -> 클릭 (5217, 523)
2026-08-20 19:38:27,592 INFO m1q3 enhance1 감지 0.951 -> 클릭 (4256, 1040)
2026-08-20 19:38:28,126 INFO m1q4 enhance1 감지 0.954 -> 클릭 (5216, 1039)
2026-08-20 19:38:28,697 INFO m2q1 enhance2 감지 1.000 -> 클릭 (776, 825)
2026-08-20 19:38:29,362 INFO m1q1 enhance1 감지 0.999 -> 클릭 (4254, 523)
2026-08-20 19:38:29,890 INFO m1q2 enhance1 감지 0.982 -> 클릭 (5217, 523)
2026-08-20 19:38:30,428 INFO m1q3 enhance1 감지 0.920 -> 클릭 (4145, 715)
2026-08-20 19:38:30,957 INFO m1q4 enhance1 감지 0.954 -> 클릭 (5216, 1039)
2026-08-20 19:38:31,536 INFO m2q2 enhance2 감지 1.000 -> 클릭 (2696, 825)
2026-08-20 19:38:32,192 INFO m1q1 enhance1 감지 0.922 -> 클릭 (4149, 203)
2026-08-20 19:38:32,725 INFO m1q2 enhance1 감지 0.982 -> 클릭 (5217, 523)
2026-08-20 19:38:33,261 INFO m1q3 enhance1 감지 0.951 -> 클릭 (4256, 1040)
2026-08-20 19:38:33,796 INFO m1q4 enhance1 감지 0.954 -> 클릭 (5216, 1039)
2026-08-20 19:38:34,377 INFO m2q1 enhance2 감지 1.000 -> 클릭 (776, 825)
2026-08-20 19:38:35,033 INFO m1q1 enhance1 감지 0.999 -> 클릭 (4254, 523)
2026-08-20 19:38:35,564 INFO m1q2 enhance1 감지 0.921 -> 클릭 (5109, 203)
2026-08-20 19:38:36,094 INFO m1q3 enhance1 감지 0.919 -> 클릭 (4145, 715)
2026-08-20 19:38:36,616 INFO m1q4 enhance1 감지 0.953 -> 클릭 (5216, 1039)
2026-08-20 19:38:37,190 INFO m2q2 enhance2 감지 1.000 -> 클릭 (2696, 825)
2026-08-20 19:38:37,839 INFO m1q1 enhance1 감지 0.922 -> 클릭 (4149, 203)
2026-08-20 19:38:38,368 INFO m1q2 enhance1 감지 0.981 -> 클릭 (5217, 523)
2026-08-20 19:38:38,904 INFO m1q3 enhance1 감지 0.951 -> 클릭 (4256, 1040)
2026-08-20 19:38:39,433 INFO m1q4 enhance1 감지 0.953 -> 클릭 (5216, 1039)
2026-08-20 19:38:40,004 INFO m2q1 enhance2 감지 1.000 -> 클릭 (776, 825)
2026-08-20 19:38:40,651 INFO m1q1 enhance1 감지 0.999 -> 클릭 (4254, 523)
2026-08-20 19:38:41,184 INFO m1q2 enhance1 감지 0.982 -> 클릭 (5217, 523)
2026-08-20 19:38:41,737 INFO m1q3 enhance1 감지 0.919 -> 클릭 (4145, 715)
2026-08-20 19:38:42,270 INFO m1q4 enhance1 감지 0.922 -> 클릭 (5109, 719)
2026-08-20 19:38:42,846 INFO m2q2 enhance2 감지 1.000 -> 클릭 (2696, 825)
2026-08-20 19:38:43,488 INFO m1q1 enhance1 감지 0.999 -> 클릭 (4254, 523)
2026-08-20 19:38:44,023 INFO m1q2 enhance1 감지 0.922 -> 클릭 (5109, 203)
2026-08-20 19:38:44,558 INFO m1q3 enhance1 감지 0.951 -> 클릭 (4256, 1040)
2026-08-20 19:38:45,097 INFO m1q4 enhance1 감지 0.953 -> 클릭 (5216, 1039)
2026-08-20 19:38:45,670 INFO m2q1 enhance2 감지 1.000 -> 클릭 (776, 825)
2026-08-20 19:38:46,306 INFO m1q1 enhance1 감지 0.922 -> 클릭 (4149, 203)
2026-08-20 19:38:46,859 INFO m1q2 enhance1 감지 0.982 -> 클릭 (5217, 523)
2026-08-20 19:38:47,397 INFO m1q3 enhance1 감지 0.951 -> 클릭 (4256, 1040)
2026-08-20 19:38:47,932 INFO m1q4 enhance1 감지 0.922 -> 클릭 (5109, 719)
2026-08-20 19:38:48,518 INFO m2q2 enhance2 감지 1.000 -> 클릭 (2696, 825)
2026-08-20 19:38:49,163 INFO m1q1 enhance1 감지 0.999 -> 클릭 (4254, 523)
2026-08-20 19:38:49,697 INFO m1q2 enhance1 감지 0.982 -> 클릭 (5217, 523)
2026-08-20 19:38:50,232 INFO m1q3 enhance1 감지 0.951 -> 클릭 (4256, 1040)
2026-08-20 19:38:50,764 INFO m1q4 enhance1 감지 0.953 -> 클릭 (5216, 1039)
2026-08-20 19:38:51,353 INFO m2q1 enhance2 감지 1.000 -> 클릭 (776, 825)
2026-08-20 19:38:52,002 INFO m1q1 enhance1 감지 0.921 -> 클릭 (4149, 203)
2026-08-20 19:38:52,549 INFO m1q2 enhance1 감지 0.982 -> 클릭 (5217, 523)
2026-08-20 19:38:53,081 INFO m1q3 enhance1 감지 0.951 -> 클릭 (4256, 1040)
2026-08-20 19:38:53,615 INFO m1q4 enhance1 감지 0.922 -> 클릭 (5109, 719)
2026-08-20 19:38:54,202 INFO m2q2 enhance2 감지 1.000 -> 클릭 (2696, 825)
2026-08-20 19:38:54,856 INFO m1q1 enhance1 감지 0.999 -> 클릭 (4254, 523)
2026-08-20 19:38:55,401 INFO m1q2 enhance1 감지 0.982 -> 클릭 (5217, 523)
2026-08-20 19:38:55,936 INFO m1q3 enhance1 감지 0.951 -> 클릭 (4256, 1040)
2026-08-20 19:38:56,467 INFO m1q4 enhance1 감지 0.953 -> 클릭 (5216, 1039)
2026-08-20 19:38:57,047 INFO m2q1 enhance2 감지 1.000 -> 클릭 (776, 825)
2026-08-20 19:38:57,689 INFO m1q1 enhance1 감지 0.921 -> 클릭 (4149, 203)
2026-08-20 19:38:58,221 INFO m1q2 enhance1 감지 0.982 -> 클릭 (5217, 523)
2026-08-20 19:38:58,754 INFO m1q3 enhance1 감지 0.951 -> 클릭 (4256, 1040)
2026-08-20 19:38:59,313 INFO m1q4 enhance1 감지 0.923 -> 클릭 (5109, 719)
2026-08-20 19:38:59,894 INFO m2q2 enhance2 감지 1.000 -> 클릭 (2696, 825)
2026-08-20 19:39:00,559 INFO m1q1 enhance1 감지 0.999 -> 클릭 (4254, 523)
2026-08-20 19:39:01,086 INFO m1q2 enhance1 감지 0.922 -> 클릭 (5109, 203)
2026-08-20 19:39:01,611 INFO m1q3 enhance1 감지 0.920 -> 클릭 (4145, 715)
2026-08-20 19:39:02,146 INFO m1q4 enhance1 감지 0.954 -> 클릭 (5216, 1039)
2026-08-20 19:39:02,721 INFO m2q1 enhance2 감지 1.000 -> 클릭 (776, 825)
2026-08-20 19:39:03,361 INFO m1q1 enhance1 감지 0.999 -> 클릭 (4254, 523)
2026-08-20 19:39:03,893 INFO m1q2 enhance1 감지 0.982 -> 클릭 (5217, 523)
2026-08-20 19:39:04,429 INFO m1q3 enhance1 감지 0.951 -> 클릭 (4256, 1040)
2026-08-20 19:39:04,959 INFO m1q4 enhance1 감지 0.954 -> 클릭 (5216, 1039)
2026-08-20 19:39:05,532 INFO m2q2 enhance2 감지 1.000 -> 클릭 (2696, 825)
2026-08-20 19:39:06,177 INFO m1q1 enhance1 감지 0.921 -> 클릭 (4149, 203)
2026-08-20 19:39:06,730 INFO m1q2 enhance1 감지 0.922 -> 클릭 (5109, 203)
2026-08-20 19:39:07,262 INFO m1q3 enhance1 감지 0.951 -> 클릭 (4256, 1040)
2026-08-20 19:39:07,799 INFO m1q4 enhance1 감지 0.923 -> 클릭 (5109, 719)
2026-08-20 19:39:08,381 INFO m2q1 enhance2 감지 1.000 -> 클릭 (776, 825)
2026-08-20 19:39:09,031 INFO m1q1 enhance1 감지 0.999 -> 클릭 (4254, 523)
2026-08-20 19:39:09,565 INFO m1q2 enhance1 감지 0.981 -> 클릭 (5217, 523)
2026-08-20 19:39:10,099 INFO m1q3 enhance1 감지 0.920 -> 클릭 (4145, 715)
2026-08-20 19:39:10,637 INFO m1q4 enhance1 감지 0.953 -> 클릭 (5216, 1039)
2026-08-20 19:39:11,215 INFO m2q2 enhance2 감지 1.000 -> 클릭 (2696, 825)
2026-08-20 19:39:11,872 INFO m1q1 enhance1 감지 0.922 -> 클릭 (4149, 203)
2026-08-20 19:39:12,418 INFO m1q2 enhance1 감지 0.922 -> 클릭 (5109, 203)
2026-08-20 19:39:12,957 INFO m1q3 enhance1 감지 0.951 -> 클릭 (4256, 1040)
2026-08-20 19:39:13,490 INFO m1q4 enhance1 감지 0.922 -> 클릭 (5109, 719)
2026-08-20 19:39:14,064 INFO m2q1 enhance2 감지 1.000 -> 클릭 (776, 825)
2026-08-20 19:39:14,708 INFO m1q1 enhance1 감지 0.999 -> 클릭 (4254, 523)
2026-08-20 19:39:15,261 INFO m1q2 enhance1 감지 0.982 -> 클릭 (5217, 523)
2026-08-20 19:39:15,794 INFO m1q3 enhance1 감지 0.920 -> 클릭 (4145, 715)
2026-08-20 19:39:16,319 INFO m1q4 enhance1 감지 0.953 -> 클릭 (5216, 1039)
2026-08-20 19:39:16,879 INFO m2q2 enhance2 감지 1.000 -> 클릭 (2696, 825)
2026-08-20 19:39:17,542 INFO m1q1 enhance1 감지 0.999 -> 클릭 (4254, 523)
2026-08-20 19:39:18,075 INFO m1q2 enhance1 감지 0.921 -> 클릭 (5109, 203)
2026-08-20 19:39:18,613 INFO m1q3 enhance1 감지 0.951 -> 클릭 (4256, 1040)
2026-08-20 19:39:19,145 INFO m1q4 enhance1 감지 0.953 -> 클릭 (5216, 1039)
2026-08-20 19:39:19,726 INFO m2q1 enhance2 감지 1.000 -> 클릭 (776, 825)
2026-08-20 19:39:20,376 INFO m1q1 enhance1 감지 0.923 -> 클릭 (4149, 203)
2026-08-20 19:39:20,910 INFO m1q2 enhance1 감지 0.982 -> 클릭 (5217, 523)
2026-08-20 19:39:21,449 INFO m1q3 enhance1 감지 0.951 -> 클릭 (4256, 1040)
2026-08-20 19:39:21,983 INFO m1q4 enhance1 감지 0.922 -> 클릭 (5109, 719)
2026-08-20 19:39:22,485 INFO ESC 감지 -> 종료
2026-08-20 19:41:18,928 INFO 강화 이미지 자동 클릭 시작
2026-08-20 19:41:18,928 INFO 모니터1 q1~q4 : enhance1.png
2026-08-20 19:41:18,928 INFO 모니터2 q1~q2 : enhance2.png
2026-08-20 19:41:18,928 INFO threshold=0.82
2026-08-20 19:41:18,928 INFO 클릭 위치=찾은 이미지 정중앙
2026-08-20 19:41:18,928 INFO ESC=프로그램 종료
2026-08-20 19:41:18,954 INFO m1q1 enhance1 감지 0.942 -> 클릭 (4223, 523)
2026-08-20 19:41:19,487 INFO m1q2 enhance1 감지 0.967 -> 클릭 (5186, 523)
2026-08-20 19:41:20,020 INFO m1q3 enhance1 감지 0.999 -> 클릭 (4225, 1040)
2026-08-20 19:41:20,552 INFO m1q4 enhance1 감지 0.957 -> 클릭 (5186, 1039)
2026-08-20 19:41:21,147 INFO m2q1 enhance2 감지 0.999 -> 클릭 (710, 820)
2026-08-20 19:41:21,714 INFO m2q2 enhance2 감지 0.999 -> 클릭 (2630, 820)
2026-08-20 19:41:22,362 INFO m1q1 enhance1 감지 0.914 -> 클릭 (4348, 203)
2026-08-20 19:41:22,890 INFO m1q2 enhance1 감지 0.928 -> 클릭 (5116, 503)
2026-08-20 19:41:23,427 INFO m1q3 enhance1 감지 0.947 -> 클릭 (4225, 1040)
2026-08-20 19:41:23,975 INFO m1q4 enhance1 감지 0.946 -> 클릭 (5116, 1019)
2026-08-20 19:41:24,549 INFO m2q1 enhance2 감지 0.981 -> 클릭 (710, 820)
2026-08-20 19:41:25,211 INFO m1q1 enhance1 감지 0.918 -> 클릭 (4160, 231)
2026-08-20 19:41:25,743 INFO m1q2 enhance1 감지 0.967 -> 클릭 (5186, 523)
2026-08-20 19:41:26,282 INFO m1q3 enhance1 감지 0.946 -> 클릭 (4225, 1040)
2026-08-20 19:41:26,812 INFO m1q4 enhance1 감지 0.957 -> 클릭 (5186, 1039)
2026-08-20 19:41:27,398 INFO m2q2 enhance2 감지 0.999 -> 클릭 (2630, 820)
2026-08-20 19:41:28,044 INFO m1q1 enhance1 감지 0.899 -> 클릭 (4348, 203)
2026-08-20 19:41:28,580 INFO m1q2 enhance1 감지 0.927 -> 클릭 (5116, 503)
2026-08-20 19:41:29,112 INFO m1q3 enhance1 감지 0.946 -> 클릭 (4225, 1040)
2026-08-20 19:41:29,647 INFO m1q4 enhance1 감지 0.957 -> 클릭 (5186, 1039)
2026-08-20 19:41:30,237 INFO m2q1 enhance2 감지 0.999 -> 클릭 (710, 820)
2026-08-20 19:41:30,887 INFO m1q1 enhance1 감지 0.902 -> 클릭 (4348, 203)
2026-08-20 19:41:31,415 INFO m1q2 enhance1 감지 0.968 -> 클릭 (5186, 523)
2026-08-20 19:41:31,952 INFO m1q3 enhance1 감지 0.946 -> 클릭 (4225, 1040)
2026-08-20 19:41:32,486 INFO m1q4 enhance1 감지 0.957 -> 클릭 (5186, 1039)
2026-08-20 19:41:33,059 INFO m2q2 enhance2 감지 0.999 -> 클릭 (2630, 820)
2026-08-20 19:41:33,721 INFO m1q1 enhance1 감지 0.903 -> 클릭 (4348, 203)
2026-08-20 19:41:34,251 INFO m1q2 enhance1 감지 0.927 -> 클릭 (5116, 503)
2026-08-20 19:41:34,826 INFO m1q3 enhance1 감지 0.998 -> 클릭 (4225, 1040)
2026-08-20 19:41:35,356 INFO m1q4 enhance1 감지 0.957 -> 클릭 (5186, 1039)
2026-08-20 19:41:35,923 INFO m2q1 enhance2 감지 0.999 -> 클릭 (710, 820)
2026-08-20 19:41:36,594 INFO m1q1 enhance1 감지 0.903 -> 클릭 (4348, 203)
2026-08-20 19:41:37,126 INFO m1q2 enhance1 감지 0.968 -> 클릭 (5186, 523)
2026-08-20 19:41:37,659 INFO m1q3 enhance1 감지 0.947 -> 클릭 (4225, 1040)
2026-08-20 19:41:38,187 INFO m1q4 enhance1 감지 0.957 -> 클릭 (5186, 1039)
2026-08-20 19:41:38,776 INFO m2q2 enhance2 감지 0.999 -> 클릭 (2630, 820)
2026-08-20 19:41:39,426 INFO m1q1 enhance1 감지 0.903 -> 클릭 (4348, 203)
2026-08-20 19:41:39,972 INFO m1q2 enhance1 감지 0.927 -> 클릭 (5116, 503)
2026-08-20 19:41:40,508 INFO m1q3 enhance1 감지 0.998 -> 클릭 (4225, 1040)
2026-08-20 19:41:41,039 INFO m1q4 enhance1 감지 0.957 -> 클릭 (5186, 1039)
2026-08-20 19:41:41,598 INFO m2q1 enhance2 감지 0.999 -> 클릭 (710, 820)
2026-08-20 19:41:42,247 INFO m1q1 enhance1 감지 0.905 -> 클릭 (4348, 203)
2026-08-20 19:41:42,781 INFO m1q2 enhance1 감지 0.968 -> 클릭 (5186, 523)
2026-08-20 19:41:43,315 INFO m1q3 enhance1 감지 0.946 -> 클릭 (4225, 1040)
2026-08-20 19:41:43,844 INFO m1q4 enhance1 감지 0.957 -> 클릭 (5186, 1039)
2026-08-20 19:41:44,428 INFO m2q2 enhance2 감지 0.999 -> 클릭 (2630, 820)
2026-08-20 19:41:45,082 INFO m1q1 enhance1 감지 0.905 -> 클릭 (4348, 203)
2026-08-20 19:41:45,629 INFO m1q2 enhance1 감지 0.967 -> 클릭 (5186, 523)
2026-08-20 19:41:46,165 INFO m1q3 enhance1 감지 0.999 -> 클릭 (4225, 1040)
2026-08-20 19:41:46,696 INFO m1q4 enhance1 감지 0.957 -> 클릭 (5186, 1039)
2026-08-20 19:41:47,278 INFO m2q1 enhance2 감지 0.999 -> 클릭 (710, 820)
2026-08-20 19:41:47,955 INFO m1q1 enhance1 감지 0.899 -> 클릭 (4348, 203)
2026-08-20 19:41:48,485 INFO m1q2 enhance1 감지 0.927 -> 클릭 (5116, 503)
2026-08-20 19:41:49,018 INFO m1q3 enhance1 감지 0.998 -> 클릭 (4225, 1040)
2026-08-20 19:41:49,554 INFO m1q4 enhance1 감지 0.945 -> 클릭 (5116, 1019)
2026-08-20 19:41:50,126 INFO m2q2 enhance2 감지 0.999 -> 클릭 (2630, 820)
2026-08-20 19:41:50,785 INFO m1q1 enhance1 감지 0.902 -> 클릭 (4348, 203)
2026-08-20 19:41:51,321 INFO m1q2 enhance1 감지 0.968 -> 클릭 (5186, 523)
2026-08-20 19:41:51,874 INFO m1q3 enhance1 감지 0.947 -> 클릭 (4225, 1040)
2026-08-20 19:41:52,411 INFO m1q4 enhance1 감지 0.957 -> 클릭 (5186, 1039)
2026-08-20 19:41:52,982 INFO m2q1 enhance2 감지 0.999 -> 클릭 (710, 820)
2026-08-20 19:41:53,636 INFO m1q1 enhance1 감지 0.903 -> 클릭 (4348, 203)
2026-08-20 19:41:54,174 INFO m1q2 enhance1 감지 0.928 -> 클릭 (5116, 503)
2026-08-20 19:41:54,724 INFO m1q3 enhance1 감지 0.998 -> 클릭 (4225, 1040)
2026-08-20 19:41:55,257 INFO m1q4 enhance1 감지 0.946 -> 클릭 (5116, 1019)
2026-08-20 19:41:55,848 INFO m2q2 enhance2 감지 0.999 -> 클릭 (2630, 820)
2026-08-20 19:41:56,496 INFO m1q1 enhance1 감지 0.902 -> 클릭 (4348, 203)
2026-08-20 19:41:57,045 INFO m1q2 enhance1 감지 0.967 -> 클릭 (5186, 523)
2026-08-20 19:41:57,578 INFO m1q3 enhance1 감지 0.999 -> 클릭 (4225, 1040)
2026-08-20 19:41:58,107 INFO m1q4 enhance1 감지 0.957 -> 클릭 (5186, 1039)
2026-08-20 19:41:58,673 INFO m2q1 enhance2 감지 0.999 -> 클릭 (710, 820)
2026-08-20 19:41:59,331 INFO m1q1 enhance1 감지 0.901 -> 클릭 (4348, 203)
2026-08-20 19:41:59,865 INFO m1q2 enhance1 감지 0.967 -> 클릭 (5186, 523)
2026-08-20 19:42:00,405 INFO m1q3 enhance1 감지 0.999 -> 클릭 (4225, 1040)
2026-08-20 19:42:00,934 INFO m1q4 enhance1 감지 0.946 -> 클릭 (5116, 1019)
2026-08-20 19:42:01,519 INFO m2q2 enhance2 감지 0.999 -> 클릭 (2630, 820)
2026-08-20 19:42:02,171 INFO m1q1 enhance1 감지 0.903 -> 클릭 (4348, 203)
2026-08-20 19:42:02,701 INFO m1q2 enhance1 감지 0.928 -> 클릭 (5116, 503)
2026-08-20 19:42:03,238 INFO m1q3 enhance1 감지 0.945 -> 클릭 (4225, 1040)
2026-08-20 19:42:03,806 INFO m1q4 enhance1 감지 0.958 -> 클릭 (5186, 1039)
2026-08-20 19:42:04,380 INFO m2q1 enhance2 감지 0.999 -> 클릭 (710, 820)
2026-08-20 19:42:05,017 INFO m1q1 enhance1 감지 0.903 -> 클릭 (4348, 203)
2026-08-20 19:42:05,552 INFO m1q2 enhance1 감지 0.967 -> 클릭 (5186, 523)
2026-08-20 19:42:06,086 INFO m1q3 enhance1 감지 0.999 -> 클릭 (4225, 1040)
2026-08-20 19:42:06,622 INFO m1q4 enhance1 감지 0.958 -> 클릭 (5186, 1039)
2026-08-20 19:42:07,199 INFO m2q2 enhance2 감지 0.999 -> 클릭 (2630, 820)
2026-08-20 19:42:07,860 INFO m1q1 enhance1 감지 0.900 -> 클릭 (4348, 203)
2026-08-20 19:42:08,388 INFO m1q2 enhance1 감지 0.967 -> 클릭 (5186, 523)
2026-08-20 19:42:08,928 INFO m1q3 enhance1 감지 0.946 -> 클릭 (4225, 1040)
2026-08-20 19:42:09,455 INFO m1q4 enhance1 감지 0.958 -> 클릭 (5186, 1039)
2026-08-20 19:42:10,044 INFO m2q1 enhance2 감지 0.999 -> 클릭 (710, 820)
2026-08-20 19:42:10,692 INFO m1q1 enhance1 감지 0.901 -> 클릭 (4348, 203)
2026-08-20 19:42:11,221 INFO m1q2 enhance1 감지 0.928 -> 클릭 (5116, 503)
2026-08-20 19:42:11,741 INFO m1q3 enhance1 감지 0.947 -> 클릭 (4225, 1040)
2026-08-20 19:42:12,295 INFO m1q4 enhance1 감지 0.946 -> 클릭 (5116, 1019)
2026-08-20 19:42:12,877 INFO m2q2 enhance2 감지 0.999 -> 클릭 (2630, 820)
2026-08-20 19:42:13,532 INFO m1q1 enhance1 감지 0.901 -> 클릭 (4348, 203)
2026-08-20 19:42:14,062 INFO m1q2 enhance1 감지 0.967 -> 클릭 (5186, 523)
2026-08-20 19:42:14,596 INFO m1q3 enhance1 감지 0.999 -> 클릭 (4225, 1040)
2026-08-20 19:42:15,127 INFO m1q4 enhance1 감지 0.957 -> 클릭 (5186, 1039)
2026-08-20 19:42:15,718 INFO m2q1 enhance2 감지 0.999 -> 클릭 (710, 820)
2026-08-20 19:42:16,382 INFO m1q1 enhance1 감지 0.901 -> 클릭 (4348, 203)
2026-08-20 19:42:16,918 INFO m1q2 enhance1 감지 0.928 -> 클릭 (5116, 503)
2026-08-20 19:42:17,451 INFO m1q3 enhance1 감지 0.999 -> 클릭 (4225, 1040)
2026-08-20 19:42:17,982 INFO m1q4 enhance1 감지 0.957 -> 클릭 (5186, 1039)
2026-08-20 19:42:18,585 INFO m2q2 enhance2 감지 0.999 -> 클릭 (2630, 820)
2026-08-20 19:42:19,252 INFO m1q1 enhance1 감지 0.903 -> 클릭 (4348, 203)
2026-08-20 19:42:19,781 INFO m1q2 enhance1 감지 0.967 -> 클릭 (5186, 523)
2026-08-20 19:42:20,313 INFO m1q3 enhance1 감지 0.946 -> 클릭 (4225, 1040)
2026-08-20 19:42:20,835 INFO m1q4 enhance1 감지 0.945 -> 클릭 (5116, 1019)
2026-08-20 19:42:21,414 INFO m2q1 enhance2 감지 0.999 -> 클릭 (710, 820)
2026-08-20 19:42:22,055 INFO m1q1 enhance1 감지 0.902 -> 클릭 (4348, 203)
2026-08-20 19:42:22,585 INFO m1q2 enhance1 감지 0.928 -> 클릭 (5116, 503)
2026-08-20 19:42:23,121 INFO m1q3 enhance1 감지 0.947 -> 클릭 (4225, 1040)
2026-08-20 19:42:23,651 INFO m1q4 enhance1 감지 0.957 -> 클릭 (5186, 1039)
2026-08-20 19:42:24,231 INFO m2q2 enhance2 감지 0.999 -> 클릭 (2630, 820)
2026-08-20 19:42:24,891 INFO m1q1 enhance1 감지 0.901 -> 클릭 (4348, 203)
2026-08-20 19:42:25,423 INFO m1q2 enhance1 감지 0.967 -> 클릭 (5186, 523)
2026-08-20 19:42:25,971 INFO m1q3 enhance1 감지 0.946 -> 클릭 (4225, 1040)
2026-08-20 19:42:26,505 INFO m1q4 enhance1 감지 0.957 -> 클릭 (5186, 1039)
2026-08-20 19:42:27,078 INFO m2q1 enhance2 감지 0.999 -> 클릭 (710, 820)
2026-08-20 19:42:27,729 INFO m1q1 enhance1 감지 0.901 -> 클릭 (4348, 203)
2026-08-20 19:42:28,259 INFO m1q2 enhance1 감지 0.929 -> 클릭 (5116, 503)
2026-08-20 19:42:28,790 INFO m1q3 enhance1 감지 0.946 -> 클릭 (4225, 1040)
2026-08-20 19:42:29,329 INFO m1q4 enhance1 감지 0.946 -> 클릭 (5116, 1019)
2026-08-20 19:42:29,901 INFO m2q2 enhance2 감지 0.999 -> 클릭 (2630, 820)
2026-08-20 19:42:30,548 INFO m1q1 enhance1 감지 0.902 -> 클릭 (4348, 203)
2026-08-20 19:42:31,077 INFO m1q2 enhance1 감지 0.967 -> 클릭 (5186, 523)
2026-08-20 19:42:31,614 INFO m1q3 enhance1 감지 0.999 -> 클릭 (4225, 1040)
2026-08-20 19:42:32,150 INFO m1q4 enhance1 감지 0.957 -> 클릭 (5186, 1039)
2026-08-20 19:42:32,728 INFO m2q1 enhance2 감지 0.999 -> 클릭 (710, 820)
2026-08-20 19:42:33,384 INFO m1q1 enhance1 감지 0.902 -> 클릭 (4348, 203)
2026-08-20 19:42:33,913 INFO m1q2 enhance1 감지 0.929 -> 클릭 (5116, 503)
2026-08-20 19:42:34,447 INFO m1q3 enhance1 감지 0.947 -> 클릭 (4225, 1040)
2026-08-20 19:42:34,980 INFO m1q4 enhance1 감지 0.946 -> 클릭 (5116, 1019)
2026-08-20 19:42:35,561 INFO m2q2 enhance2 감지 0.999 -> 클릭 (2630, 820)
2026-08-20 19:42:36,208 INFO m1q1 enhance1 감지 0.902 -> 클릭 (4348, 203)
2026-08-20 19:42:36,733 INFO m1q2 enhance1 감지 0.967 -> 클릭 (5186, 523)
2026-08-20 19:42:37,273 INFO m1q3 enhance1 감지 0.947 -> 클릭 (4225, 1040)
2026-08-20 19:42:37,816 INFO m1q4 enhance1 감지 0.957 -> 클릭 (5186, 1039)
2026-08-20 19:42:38,392 INFO m2q1 enhance2 감지 0.999 -> 클릭 (710, 820)
2026-08-20 19:42:39,038 INFO m1q1 enhance1 감지 0.903 -> 클릭 (4348, 203)
2026-08-20 19:42:39,569 INFO m1q2 enhance1 감지 0.967 -> 클릭 (5186, 523)
2026-08-20 19:42:40,124 INFO m1q3 enhance1 감지 0.998 -> 클릭 (4225, 1040)
2026-08-20 19:42:40,656 INFO m1q4 enhance1 감지 0.946 -> 클릭 (5116, 1019)
2026-08-20 19:42:41,240 INFO m2q2 enhance2 감지 0.999 -> 클릭 (2630, 820)
2026-08-20 19:42:41,893 INFO m1q1 enhance1 감지 0.902 -> 클릭 (4348, 203)
2026-08-20 19:42:42,420 INFO m1q2 enhance1 감지 0.967 -> 클릭 (5186, 523)
2026-08-20 19:42:42,940 INFO m1q3 enhance1 감지 0.947 -> 클릭 (4225, 1040)
2026-08-20 19:42:43,475 INFO m1q4 enhance1 감지 0.957 -> 클릭 (5186, 1039)
2026-08-20 19:42:44,068 INFO m2q1 enhance2 감지 0.999 -> 클릭 (710, 820)
2026-08-20 19:42:44,713 INFO m1q1 enhance1 감지 0.901 -> 클릭 (4348, 203)
2026-08-20 19:42:45,245 INFO m1q2 enhance1 감지 0.967 -> 클릭 (5186, 523)
2026-08-20 19:42:45,780 INFO m1q3 enhance1 감지 0.946 -> 클릭 (4225, 1040)
2026-08-20 19:42:46,327 INFO m1q4 enhance1 감지 0.945 -> 클릭 (5116, 1019)
2026-08-20 19:42:46,835 INFO ESC 감지 -> 종료
2026-08-20 19:49:46,717 INFO 강화 이미지 자동 클릭 시작
2026-08-20 19:49:46,717 INFO 모니터1 q1~q4 : pre_enhance1 -> enhance1
2026-08-20 19:49:46,717 INFO 모니터2 q1~q2 : pre_enhance2 -> enhance2
2026-08-20 19:49:46,718 INFO threshold=0.82
2026-08-20 19:49:46,718 INFO 클릭 위치=찾은 이미지 정중앙
2026-08-20 19:49:46,718 INFO ESC=프로그램 종료
2026-08-20 19:49:46,758 INFO m1q1 pre_enhance1 감지 0.896 -> 클릭 (4423, 473)
2026-08-20 19:49:47,638 INFO m1q1 enhance1 감지 0.941 -> 클릭 (4223, 523)
2026-08-20 19:49:48,192 INFO m1q2 pre_enhance1 감지 0.884 -> 클릭 (5386, 472)
2026-08-20 19:49:49,062 INFO m1q2 enhance1 감지 0.968 -> 클릭 (5186, 523)
2026-08-20 19:49:49,597 INFO m1q3 pre_enhance1 감지 1.000 -> 클릭 (4429, 989)
2026-08-20 19:49:50,477 INFO m1q3 enhance1 감지 0.998 -> 클릭 (4225, 1040)
2026-08-20 19:49:51,083 INFO m2q1 pre_enhance2 감지 0.999 -> 클릭 (1126, 716)
2026-08-20 19:49:52,006 INFO m2q1 enhance2 감지 0.999 -> 클릭 (710, 820)
2026-08-20 19:49:52,588 INFO m2q2 pre_enhance2 감지 0.999 -> 클릭 (3046, 716)
2026-08-20 19:49:53,508 INFO m2q2 enhance2 감지 0.999 -> 클릭 (2630, 820)
2026-08-20 19:49:54,151 INFO m1q1 pre_enhance1 감지 0.895 -> 클릭 (4423, 473)
2026-08-20 19:49:55,014 INFO m1q1 enhance1 감지 0.942 -> 클릭 (4223, 523)
2026-08-20 19:49:55,548 INFO m1q2 pre_enhance1 감지 0.884 -> 클릭 (5386, 472)
2026-08-20 19:49:56,451 INFO m1q2 enhance1 감지 0.967 -> 클릭 (5186, 523)
2026-08-20 19:49:56,984 INFO m1q3 pre_enhance1 감지 1.000 -> 클릭 (4429, 989)
2026-08-20 19:49:57,853 INFO m1q3 enhance1 감지 0.999 -> 클릭 (4225, 1040)
2026-08-20 19:49:58,457 INFO m2q1 pre_enhance2 감지 0.999 -> 클릭 (1126, 716)
2026-08-20 19:49:59,383 INFO m2q1 enhance2 감지 0.999 -> 클릭 (710, 820)
2026-08-20 19:50:00,034 INFO m1q1 pre_enhance1 감지 0.890 -> 클릭 (4423, 473)
2026-08-20 19:50:00,922 INFO m1q1 enhance1 감지 0.942 -> 클릭 (4223, 523)
2026-08-20 19:50:01,468 INFO m1q2 pre_enhance1 감지 0.883 -> 클릭 (5386, 472)
2026-08-20 19:50:02,363 INFO m1q2 enhance1 감지 0.967 -> 클릭 (5186, 523)
2026-08-20 19:50:02,895 INFO m1q3 pre_enhance1 감지 0.999 -> 클릭 (4429, 989)
2026-08-20 19:50:03,774 INFO m1q3 enhance1 감지 0.999 -> 클릭 (4225, 1040)
2026-08-20 19:50:04,378 INFO m2q2 pre_enhance2 감지 0.999 -> 클릭 (3046, 716)
2026-08-20 19:50:05,296 INFO m2q2 enhance2 감지 0.999 -> 클릭 (2630, 820)
2026-08-20 19:50:05,962 INFO m1q1 pre_enhance1 감지 0.895 -> 클릭 (4423, 473)
2026-08-20 19:50:06,842 INFO m1q1 enhance1 감지 0.942 -> 클릭 (4223, 523)
2026-08-20 19:50:07,378 INFO m1q2 pre_enhance1 감지 0.883 -> 클릭 (5386, 472)
2026-08-20 19:50:08,245 INFO m1q2 enhance1 감지 0.968 -> 클릭 (5186, 523)
2026-08-20 19:50:08,778 INFO m1q3 pre_enhance1 감지 1.000 -> 클릭 (4429, 989)
2026-08-20 19:50:09,679 INFO m1q3 enhance1 감지 0.999 -> 클릭 (4225, 1040)
2026-08-20 19:50:10,287 INFO m2q1 pre_enhance2 감지 0.999 -> 클릭 (1126, 716)
2026-08-20 19:50:11,199 INFO m2q1 enhance2 감지 0.999 -> 클릭 (710, 820)
2026-08-20 19:50:11,849 INFO m1q1 pre_enhance1 감지 0.896 -> 클릭 (4423, 473)
2026-08-20 19:50:12,734 INFO m1q1 enhance1 감지 0.941 -> 클릭 (4223, 523)
2026-08-20 19:50:13,268 INFO m1q2 pre_enhance1 감지 0.884 -> 클릭 (5386, 472)
2026-08-20 19:50:14,133 INFO m1q2 enhance1 감지 0.967 -> 클릭 (5186, 523)
2026-08-20 19:50:14,667 INFO m1q3 pre_enhance1 감지 0.999 -> 클릭 (4429, 989)
2026-08-20 19:50:15,553 INFO m1q3 enhance1 감지 0.998 -> 클릭 (4225, 1040)
2026-08-20 19:50:16,179 INFO m2q2 pre_enhance2 감지 0.999 -> 클릭 (3046, 716)
2026-08-20 19:50:17,081 INFO m2q2 enhance2 감지 0.999 -> 클릭 (2630, 820)
2026-08-20 19:50:17,722 INFO m1q1 pre_enhance1 감지 0.895 -> 클릭 (4423, 473)
2026-08-20 19:50:18,609 INFO m1q1 enhance1 감지 0.941 -> 클릭 (4223, 523)
2026-08-20 19:50:19,141 INFO m1q2 pre_enhance1 감지 0.883 -> 클릭 (5386, 472)
2026-08-20 19:50:20,009 INFO m1q2 enhance1 감지 0.967 -> 클릭 (5186, 523)
2026-08-20 19:50:20,538 INFO m1q3 pre_enhance1 감지 0.999 -> 클릭 (4429, 989)
2026-08-20 19:50:21,428 INFO m1q3 enhance1 감지 0.998 -> 클릭 (4225, 1040)
2026-08-20 19:50:22,046 INFO m2q1 pre_enhance2 감지 0.999 -> 클릭 (1126, 716)
2026-08-20 19:50:22,961 INFO m2q1 enhance2 감지 0.999 -> 클릭 (710, 820)
2026-08-20 19:50:23,613 INFO m1q1 pre_enhance1 감지 0.895 -> 클릭 (4423, 473)
2026-08-20 19:50:24,511 INFO m1q1 enhance1 감지 0.941 -> 클릭 (4223, 523)
2026-08-20 19:50:25,041 INFO m1q2 pre_enhance1 감지 0.884 -> 클릭 (5386, 472)
2026-08-20 19:50:25,914 INFO m1q2 enhance1 감지 0.967 -> 클릭 (5186, 523)
2026-08-20 19:50:26,448 INFO m1q3 pre_enhance1 감지 0.999 -> 클릭 (4429, 989)
2026-08-20 19:50:27,350 INFO m1q3 enhance1 감지 0.998 -> 클릭 (4225, 1040)
2026-08-20 19:50:27,879 INFO m1q4 pre_enhance1 감지 0.820 -> 클릭 (5385, 989)
2026-08-20 19:50:28,766 INFO m1q4 enhance1 감지 0.957 -> 클릭 (5186, 1039)
2026-08-20 19:50:29,339 INFO m2q2 pre_enhance2 감지 0.999 -> 클릭 (3046, 716)
2026-08-20 19:50:30,240 INFO m2q2 enhance2 감지 0.999 -> 클릭 (2630, 820)
2026-08-20 19:50:30,887 INFO m1q1 pre_enhance1 감지 0.896 -> 클릭 (4423, 473)
2026-08-20 19:50:31,769 INFO m1q1 enhance1 감지 0.941 -> 클릭 (4223, 523)
2026-08-20 19:50:32,306 INFO m1q2 pre_enhance1 감지 0.884 -> 클릭 (5386, 472)
2026-08-20 19:50:33,167 INFO m1q2 enhance1 감지 0.968 -> 클릭 (5186, 523)
2026-08-20 19:50:33,701 INFO m1q3 pre_enhance1 감지 0.999 -> 클릭 (4429, 989)
2026-08-20 19:50:34,586 INFO m1q3 enhance1 감지 0.998 -> 클릭 (4225, 1040)
2026-08-20 19:50:35,193 INFO m2q1 pre_enhance2 감지 0.999 -> 클릭 (1126, 716)
2026-08-20 19:50:36,096 INFO m2q1 enhance2 감지 0.999 -> 클릭 (710, 820)
2026-08-20 19:50:36,741 INFO m1q1 pre_enhance1 감지 0.896 -> 클릭 (4423, 473)
2026-08-20 19:50:37,620 INFO m1q1 enhance1 감지 0.941 -> 클릭 (4223, 523)
2026-08-20 19:50:38,141 INFO m1q2 pre_enhance1 감지 0.884 -> 클릭 (5386, 472)
2026-08-20 19:50:39,006 INFO m1q2 enhance1 감지 0.967 -> 클릭 (5186, 523)
2026-08-20 19:50:39,541 INFO m1q3 pre_enhance1 감지 0.999 -> 클릭 (4429, 989)
2026-08-20 19:50:40,433 INFO m1q3 enhance1 감지 0.998 -> 클릭 (4225, 1040)
2026-08-20 19:50:41,031 INFO m2q2 pre_enhance2 감지 0.999 -> 클릭 (3046, 716)
2026-08-20 19:50:41,964 INFO m2q2 enhance2 감지 0.999 -> 클릭 (2630, 820)
2026-08-20 19:50:42,613 INFO m1q1 pre_enhance1 감지 0.895 -> 클릭 (4423, 473)
2026-08-20 19:50:43,501 INFO m1q1 enhance1 감지 0.941 -> 클릭 (4223, 523)
2026-08-20 19:50:44,047 INFO m1q2 pre_enhance1 감지 0.884 -> 클릭 (5386, 472)
2026-08-20 19:50:44,913 INFO m1q2 enhance1 감지 0.967 -> 클릭 (5186, 523)
2026-08-20 19:50:45,468 INFO m1q3 pre_enhance1 감지 0.999 -> 클릭 (4429, 989)
2026-08-20 19:50:46,352 INFO m1q3 enhance1 감지 0.998 -> 클릭 (4225, 1040)
2026-08-20 19:50:46,964 INFO m2q1 pre_enhance2 감지 0.999 -> 클릭 (1126, 716)
2026-08-20 19:50:47,923 INFO m2q1 enhance2 감지 0.999 -> 클릭 (710, 820)
2026-08-20 19:50:48,572 INFO m1q1 pre_enhance1 감지 0.890 -> 클릭 (4423, 473)
2026-08-20 19:50:49,457 INFO m1q1 enhance1 감지 0.942 -> 클릭 (4223, 523)
2026-08-20 19:50:49,994 INFO m1q2 pre_enhance1 감지 0.883 -> 클릭 (5386, 472)
2026-08-20 19:50:50,856 INFO m1q2 enhance1 감지 0.967 -> 클릭 (5186, 523)
2026-08-20 19:50:51,397 INFO m1q3 pre_enhance1 감지 0.999 -> 클릭 (4429, 989)
2026-08-20 19:50:52,262 INFO m1q3 enhance1 감지 0.999 -> 클릭 (4225, 1040)
2026-08-20 19:50:52,866 INFO m2q2 pre_enhance2 감지 0.999 -> 클릭 (3046, 716)
2026-08-20 19:50:53,786 INFO m2q2 enhance2 감지 0.999 -> 클릭 (2630, 820)
2026-08-20 19:50:54,436 INFO m1q1 pre_enhance1 감지 0.895 -> 클릭 (4423, 473)
2026-08-20 19:50:55,294 INFO m1q1 enhance1 감지 0.942 -> 클릭 (4223, 523)
2026-08-20 19:50:55,850 INFO m1q2 pre_enhance1 감지 0.884 -> 클릭 (5386, 472)
2026-08-20 19:50:56,736 INFO m1q2 enhance1 감지 0.967 -> 클릭 (5186, 523)
2026-08-20 19:50:57,265 INFO m1q3 pre_enhance1 감지 0.999 -> 클릭 (4429, 989)
2026-08-20 19:50:58,129 INFO m1q3 enhance1 감지 0.998 -> 클릭 (4225, 1040)
2026-08-20 19:50:58,737 INFO m2q1 pre_enhance2 감지 0.999 -> 클릭 (1126, 716)
2026-08-20 19:50:59,656 INFO m2q1 enhance2 감지 0.999 -> 클릭 (710, 820)
2026-08-20 19:51:00,300 INFO m1q1 pre_enhance1 감지 0.895 -> 클릭 (4423, 473)
2026-08-20 19:51:01,164 INFO m1q1 enhance1 감지 0.942 -> 클릭 (4223, 523)
2026-08-20 19:51:01,697 INFO m1q2 pre_enhance1 감지 0.883 -> 클릭 (5386, 472)
2026-08-20 19:51:02,586 INFO m1q2 enhance1 감지 0.967 -> 클릭 (5186, 523)
2026-08-20 19:51:03,118 INFO m1q3 pre_enhance1 감지 0.999 -> 클릭 (4429, 989)
2026-08-20 19:51:03,988 INFO m1q3 enhance1 감지 0.999 -> 클릭 (4225, 1040)
2026-08-20 19:51:04,602 INFO m2q2 pre_enhance2 감지 0.999 -> 클릭 (3046, 716)
2026-08-20 19:51:05,547 INFO m2q2 enhance2 감지 0.999 -> 클릭 (2630, 820)
2026-08-20 19:51:06,188 INFO m1q1 pre_enhance1 감지 0.895 -> 클릭 (4423, 473)
2026-08-20 19:51:07,055 INFO m1q1 enhance1 감지 0.942 -> 클릭 (4223, 523)
2026-08-20 19:51:07,613 INFO m1q2 pre_enhance1 감지 0.883 -> 클릭 (5386, 472)
2026-08-20 19:51:08,509 INFO m1q2 enhance1 감지 0.967 -> 클릭 (5186, 523)
2026-08-20 19:51:09,042 INFO m1q3 pre_enhance1 감지 0.999 -> 클릭 (4429, 989)
2026-08-20 19:51:09,931 INFO m1q3 enhance1 감지 0.999 -> 클릭 (4225, 1040)
2026-08-20 19:51:10,538 INFO m2q1 pre_enhance2 감지 0.999 -> 클릭 (1126, 716)
2026-08-20 19:51:11,457 INFO m2q1 enhance2 감지 0.999 -> 클릭 (710, 820)
2026-08-20 19:51:12,120 INFO m1q1 pre_enhance1 감지 0.896 -> 클릭 (4423, 473)
2026-08-20 19:51:12,976 INFO m1q1 enhance1 감지 0.942 -> 클릭 (4223, 523)
2026-08-20 19:51:13,527 INFO m1q2 pre_enhance1 감지 0.884 -> 클릭 (5386, 472)
2026-08-20 19:51:14,410 INFO m1q2 enhance1 감지 0.967 -> 클릭 (5186, 523)
2026-08-20 19:51:14,949 INFO m1q3 pre_enhance1 감지 0.999 -> 클릭 (4429, 989)
2026-08-20 19:51:15,838 INFO m1q3 enhance1 감지 0.998 -> 클릭 (4225, 1040)
2026-08-20 19:51:16,455 INFO m2q2 pre_enhance2 감지 0.999 -> 클릭 (3046, 716)
2026-08-20 19:51:17,374 INFO m2q2 enhance2 감지 0.999 -> 클릭 (2630, 820)
2026-08-20 19:51:18,019 INFO m1q1 pre_enhance1 감지 0.896 -> 클릭 (4423, 473)
2026-08-20 19:51:18,902 INFO m1q1 enhance1 감지 0.942 -> 클릭 (4223, 523)
2026-08-20 19:51:19,430 INFO m1q2 pre_enhance1 감지 0.884 -> 클릭 (5386, 472)
2026-08-20 19:51:20,324 INFO m1q2 enhance1 감지 0.967 -> 클릭 (5186, 523)
2026-08-20 19:51:20,857 INFO m1q3 pre_enhance1 감지 0.999 -> 클릭 (4429, 989)
2026-08-20 19:51:21,757 INFO m1q3 enhance1 감지 0.998 -> 클릭 (4225, 1040)
2026-08-20 19:51:22,289 INFO m1q4 pre_enhance1 감지 0.820 -> 클릭 (5385, 989)
2026-08-20 19:51:23,154 INFO m1q4 enhance1 감지 0.957 -> 클릭 (5186, 1039)
2026-08-20 19:51:23,735 INFO m2q1 pre_enhance2 감지 0.999 -> 클릭 (1126, 716)
2026-08-20 19:51:24,655 INFO m2q1 enhance2 감지 0.999 -> 클릭 (710, 820)
2026-08-20 19:51:25,310 INFO m1q1 pre_enhance1 감지 0.896 -> 클릭 (4423, 473)
2026-08-20 19:51:26,178 INFO m1q1 enhance1 감지 0.942 -> 클릭 (4223, 523)
2026-08-20 19:51:26,710 INFO m1q2 pre_enhance1 감지 0.884 -> 클릭 (5386, 472)
2026-08-20 19:51:27,599 INFO m1q2 enhance1 감지 0.967 -> 클릭 (5186, 523)
2026-08-20 19:51:28,131 INFO m1q3 pre_enhance1 감지 0.999 -> 클릭 (4429, 989)
2026-08-20 19:51:29,000 INFO m1q3 enhance1 감지 0.999 -> 클릭 (4225, 1040)
2026-08-20 19:51:29,604 INFO m2q2 pre_enhance2 감지 0.999 -> 클릭 (3046, 716)
2026-08-20 19:51:30,519 INFO m2q2 enhance2 감지 0.999 -> 클릭 (2630, 820)
2026-08-20 19:51:31,185 INFO m1q1 pre_enhance1 감지 0.895 -> 클릭 (4423, 473)
2026-08-20 19:51:32,044 INFO m1q1 enhance1 감지 0.942 -> 클릭 (4223, 523)
2026-08-20 19:51:32,568 INFO m1q2 pre_enhance1 감지 0.883 -> 클릭 (5386, 472)
2026-08-20 19:51:33,463 INFO m1q2 enhance1 감지 0.967 -> 클릭 (5186, 523)
2026-08-20 19:51:33,984 INFO m1q3 pre_enhance1 감지 0.999 -> 클릭 (4429, 989)
2026-08-20 19:51:34,854 INFO m1q3 enhance1 감지 0.999 -> 클릭 (4225, 1040)
2026-08-20 19:51:35,458 INFO m2q1 pre_enhance2 감지 0.999 -> 클릭 (1126, 716)
2026-08-20 19:51:36,388 INFO m2q1 enhance2 감지 0.999 -> 클릭 (710, 820)
2026-08-20 19:51:37,055 INFO m1q1 pre_enhance1 감지 0.894 -> 클릭 (4423, 473)
2026-08-20 19:51:37,938 INFO m1q1 enhance1 감지 0.942 -> 클릭 (4223, 523)
2026-08-20 19:51:38,469 INFO m1q2 pre_enhance1 감지 0.883 -> 클릭 (5386, 472)
2026-08-20 19:51:39,342 INFO m1q2 enhance1 감지 0.968 -> 클릭 (5186, 523)
2026-08-20 19:51:39,874 INFO m1q3 pre_enhance1 감지 0.994 -> 클릭 (4429, 989)
2026-08-20 19:51:40,760 INFO m1q3 enhance1 감지 0.999 -> 클릭 (4225, 1040)
2026-08-20 19:51:41,386 INFO m2q2 pre_enhance2 감지 0.999 -> 클릭 (3046, 716)
2026-08-20 19:51:42,295 INFO m2q2 enhance2 감지 0.999 -> 클릭 (2630, 820)
2026-08-20 19:51:42,945 INFO m1q1 pre_enhance1 감지 0.895 -> 클릭 (4423, 473)
2026-08-20 19:51:43,847 INFO m1q1 enhance1 감지 0.942 -> 클릭 (4223, 523)
2026-08-20 19:51:44,379 INFO m1q2 pre_enhance1 감지 0.885 -> 클릭 (5386, 472)
2026-08-20 19:51:45,263 INFO m1q2 enhance1 감지 0.968 -> 클릭 (5186, 523)
2026-08-20 19:51:45,800 INFO m1q3 pre_enhance1 감지 0.999 -> 클릭 (4429, 989)
2026-08-20 19:51:46,685 INFO m1q3 enhance1 감지 0.998 -> 클릭 (4225, 1040)
2026-08-20 19:51:47,289 INFO m2q1 pre_enhance2 감지 0.999 -> 클릭 (1126, 716)
2026-08-20 19:51:48,195 INFO m2q1 enhance2 감지 0.999 -> 클릭 (710, 820)
2026-08-20 19:51:48,835 INFO m1q1 pre_enhance1 감지 0.897 -> 클릭 (4423, 473)
2026-08-20 19:51:49,718 INFO m1q1 enhance1 감지 0.942 -> 클릭 (4223, 523)
2026-08-20 19:51:50,253 INFO m1q2 pre_enhance1 감지 0.885 -> 클릭 (5386, 472)
2026-08-20 19:51:51,120 INFO m1q2 enhance1 감지 0.968 -> 클릭 (5186, 523)
2026-08-20 19:51:51,654 INFO m1q3 pre_enhance1 감지 0.999 -> 클릭 (4429, 989)
2026-08-20 19:51:52,537 INFO m1q3 enhance1 감지 0.999 -> 클릭 (4225, 1040)
2026-08-20 19:51:53,146 INFO m2q2 pre_enhance2 감지 0.999 -> 클릭 (3046, 716)
2026-08-20 19:51:54,043 INFO m2q2 enhance2 감지 0.999 -> 클릭 (2630, 820)
2026-08-20 19:51:54,689 INFO m1q1 pre_enhance1 감지 0.895 -> 클릭 (4423, 473)
2026-08-20 19:51:55,569 INFO m1q1 enhance1 감지 0.942 -> 클릭 (4223, 523)
2026-08-20 19:51:56,090 INFO m1q2 pre_enhance1 감지 0.883 -> 클릭 (5386, 472)
2026-08-20 19:51:56,966 INFO m1q2 enhance1 감지 0.967 -> 클릭 (5186, 523)
2026-08-20 19:51:57,531 INFO m1q3 pre_enhance1 감지 1.000 -> 클릭 (4429, 989)
2026-08-20 19:51:58,413 INFO m1q3 enhance1 감지 0.998 -> 클릭 (4225, 1040)
2026-08-20 19:51:59,014 INFO m2q1 pre_enhance2 감지 0.999 -> 클릭 (1126, 716)
2026-08-20 19:51:59,941 INFO m2q1 enhance2 감지 0.999 -> 클릭 (710, 820)
2026-08-20 19:52:00,582 INFO m1q1 pre_enhance1 감지 0.895 -> 클릭 (4423, 473)
2026-08-20 19:52:01,482 INFO m1q1 enhance1 감지 0.942 -> 클릭 (4223, 523)
2026-08-20 19:52:02,020 INFO m1q2 pre_enhance1 감지 0.883 -> 클릭 (5386, 472)
2026-08-20 19:52:02,883 INFO m1q2 enhance1 감지 0.967 -> 클릭 (5186, 523)
2026-08-20 19:52:03,417 INFO m1q3 pre_enhance1 감지 1.000 -> 클릭 (4429, 989)
2026-08-20 19:52:04,286 INFO m1q3 enhance1 감지 0.998 -> 클릭 (4225, 1040)
2026-08-20 19:52:04,902 INFO m2q2 pre_enhance2 감지 0.999 -> 클릭 (3046, 716)
2026-08-20 19:52:05,826 INFO m2q2 enhance2 감지 0.999 -> 클릭 (2630, 820)
2026-08-20 19:52:06,473 INFO m1q1 pre_enhance1 감지 0.895 -> 클릭 (4423, 473)
2026-08-20 19:52:07,367 INFO m1q1 enhance1 감지 0.942 -> 클릭 (4223, 523)
2026-08-20 19:52:07,907 INFO m1q2 pre_enhance1 감지 0.883 -> 클릭 (5386, 472)
2026-08-20 19:52:08,786 INFO m1q2 enhance1 감지 0.967 -> 클릭 (5186, 523)
2026-08-20 19:52:09,321 INFO m1q3 pre_enhance1 감지 0.999 -> 클릭 (4429, 989)
2026-08-20 19:52:10,192 INFO m1q3 enhance1 감지 0.998 -> 클릭 (4225, 1040)
2026-08-20 19:52:10,801 INFO m2q1 pre_enhance2 감지 0.999 -> 클릭 (1126, 716)
2026-08-20 19:52:11,737 INFO m2q1 enhance2 감지 0.999 -> 클릭 (710, 820)
2026-08-20 19:52:12,375 INFO m1q1 pre_enhance1 감지 0.895 -> 클릭 (4423, 473)
2026-08-20 19:52:13,237 INFO m1q1 enhance1 감지 0.941 -> 클릭 (4223, 523)
2026-08-20 19:52:13,758 INFO m1q2 pre_enhance1 감지 0.885 -> 클릭 (5386, 472)
2026-08-20 19:52:14,648 INFO m1q2 enhance1 감지 0.967 -> 클릭 (5186, 523)
2026-08-20 19:52:15,200 INFO m1q3 pre_enhance1 감지 0.999 -> 클릭 (4429, 989)
2026-08-20 19:52:16,058 INFO m1q3 enhance1 감지 0.998 -> 클릭 (4225, 1040)
2026-08-20 19:52:16,682 INFO m2q2 pre_enhance2 감지 0.999 -> 클릭 (3046, 716)
2026-08-20 19:52:17,625 INFO m2q2 enhance2 감지 0.999 -> 클릭 (2630, 820)
2026-08-20 19:52:18,281 INFO m1q1 pre_enhance1 감지 0.894 -> 클릭 (4423, 473)
2026-08-20 19:52:19,148 INFO m1q1 enhance1 감지 0.941 -> 클릭 (4223, 523)
2026-08-20 19:52:19,680 INFO m1q2 pre_enhance1 감지 0.883 -> 클릭 (5386, 472)
2026-08-20 19:52:20,569 INFO m1q2 enhance1 감지 0.967 -> 클릭 (5186, 523)
2026-08-20 19:52:21,102 INFO m1q3 pre_enhance1 감지 0.999 -> 클릭 (4429, 989)
2026-08-20 19:52:21,986 INFO m1q3 enhance1 감지 0.999 -> 클릭 (4225, 1040)
2026-08-20 19:52:22,596 INFO m2q1 pre_enhance2 감지 0.999 -> 클릭 (1126, 716)
2026-08-20 19:52:23,509 INFO m2q1 enhance2 감지 0.999 -> 클릭 (710, 820)
2026-08-20 19:52:24,159 INFO m1q1 pre_enhance1 감지 0.890 -> 클릭 (4423, 473)
2026-08-20 19:52:25,022 INFO m1q1 enhance1 감지 0.942 -> 클릭 (4223, 523)
2026-08-20 19:52:25,555 INFO m1q2 pre_enhance1 감지 0.883 -> 클릭 (5386, 472)
2026-08-20 19:52:26,436 INFO m1q2 enhance1 감지 0.967 -> 클릭 (5186, 523)
2026-08-20 19:52:26,994 INFO m1q3 pre_enhance1 감지 0.999 -> 클릭 (4429, 989)
2026-08-20 19:52:27,872 INFO m1q3 enhance1 감지 0.999 -> 클릭 (4225, 1040)
2026-08-20 19:52:28,482 INFO m2q2 pre_enhance2 감지 0.999 -> 클릭 (3046, 716)
2026-08-20 19:52:29,395 INFO m2q2 enhance2 감지 0.999 -> 클릭 (2630, 820)
2026-08-20 19:52:30,043 INFO m1q1 pre_enhance1 감지 0.896 -> 클릭 (4423, 473)
2026-08-20 19:52:30,924 INFO m1q1 enhance1 감지 0.942 -> 클릭 (4223, 523)
2026-08-20 19:52:31,462 INFO m1q2 pre_enhance1 감지 0.884 -> 클릭 (5386, 472)
2026-08-20 19:52:32,345 INFO m1q2 enhance1 감지 0.967 -> 클릭 (5186, 523)
2026-08-20 19:52:32,883 INFO m1q3 pre_enhance1 감지 1.000 -> 클릭 (4429, 989)
2026-08-20 19:52:33,764 INFO m1q3 enhance1 감지 0.999 -> 클릭 (4225, 1040)
2026-08-20 19:52:34,378 INFO m2q1 pre_enhance2 감지 0.999 -> 클릭 (1126, 716)
2026-08-20 19:52:35,295 INFO m2q1 enhance2 감지 0.999 -> 클릭 (710, 820)
2026-08-20 19:52:35,934 INFO m1q1 pre_enhance1 감지 0.895 -> 클릭 (4423, 473)
2026-08-20 19:52:36,837 INFO m1q1 enhance1 감지 0.942 -> 클릭 (4223, 523)
2026-08-20 19:52:37,373 INFO m1q2 pre_enhance1 감지 0.883 -> 클릭 (5386, 472)
2026-08-20 19:52:38,239 INFO m1q2 enhance1 감지 0.967 -> 클릭 (5186, 523)
2026-08-20 19:52:38,810 INFO m1q3 pre_enhance1 감지 1.000 -> 클릭 (4429, 989)
2026-08-20 19:52:39,723 INFO m1q3 enhance1 감지 0.999 -> 클릭 (4225, 1040)
2026-08-20 19:52:40,255 INFO m1q4 pre_enhance1 감지 0.820 -> 클릭 (5385, 989)
2026-08-20 19:52:41,143 INFO m1q4 enhance1 감지 0.957 -> 클릭 (5186, 1039)
2026-08-20 19:52:41,725 INFO m2q2 pre_enhance2 감지 0.999 -> 클릭 (3046, 716)
2026-08-20 19:52:42,656 INFO m2q2 enhance2 감지 0.999 -> 클릭 (2630, 820)
2026-08-20 19:52:43,326 INFO m1q1 pre_enhance1 감지 0.895 -> 클릭 (4423, 473)
2026-08-20 19:52:44,190 INFO m1q1 enhance1 감지 0.942 -> 클릭 (4223, 523)
2026-08-20 19:52:44,723 INFO m1q2 pre_enhance1 감지 0.884 -> 클릭 (5386, 472)
2026-08-20 19:52:45,610 INFO m1q2 enhance1 감지 0.967 -> 클릭 (5186, 523)
2026-08-20 19:52:46,142 INFO m1q3 pre_enhance1 감지 1.000 -> 클릭 (4429, 989)
2026-08-20 19:52:47,016 INFO m1q3 enhance1 감지 0.999 -> 클릭 (4225, 1040)
2026-08-20 19:52:47,617 INFO m2q1 pre_enhance2 감지 0.999 -> 클릭 (1126, 716)
2026-08-20 19:52:48,536 INFO m2q1 enhance2 감지 0.999 -> 클릭 (710, 820)
2026-08-20 19:52:49,183 INFO m1q1 pre_enhance1 감지 0.895 -> 클릭 (4423, 473)
2026-08-20 19:52:50,045 INFO m1q1 enhance1 감지 0.941 -> 클릭 (4223, 523)
2026-08-20 19:52:50,579 INFO m1q2 pre_enhance1 감지 0.884 -> 클릭 (5386, 472)
2026-08-20 19:52:51,464 INFO m1q2 enhance1 감지 0.967 -> 클릭 (5186, 523)
2026-08-20 19:52:52,002 INFO m1q3 pre_enhance1 감지 1.000 -> 클릭 (4429, 989)
2026-08-20 19:52:52,870 INFO m1q3 enhance1 감지 0.998 -> 클릭 (4225, 1040)
2026-08-20 19:52:53,479 INFO m2q2 pre_enhance2 감지 0.999 -> 클릭 (3046, 716)
2026-08-20 19:52:54,414 INFO m2q2 enhance2 감지 0.999 -> 클릭 (2630, 820)
2026-08-20 19:52:55,058 INFO m1q1 pre_enhance1 감지 0.895 -> 클릭 (4423, 473)
2026-08-20 19:52:55,955 INFO m1q1 enhance1 감지 0.941 -> 클릭 (4223, 523)
2026-08-20 19:52:56,487 INFO m1q2 pre_enhance1 감지 0.885 -> 클릭 (5386, 472)
2026-08-20 19:52:57,370 INFO m1q2 enhance1 감지 0.967 -> 클릭 (5186, 523)
2026-08-20 19:52:57,907 INFO m1q3 pre_enhance1 감지 1.000 -> 클릭 (4429, 989)
2026-08-20 19:52:58,789 INFO m1q3 enhance1 감지 0.998 -> 클릭 (4225, 1040)
2026-08-20 19:52:59,399 INFO m2q1 pre_enhance2 감지 0.999 -> 클릭 (1126, 716)
2026-08-20 19:53:00,310 INFO m2q1 enhance2 감지 0.999 -> 클릭 (710, 820)
2026-08-20 19:53:01,001 INFO m1q1 pre_enhance1 감지 0.895 -> 클릭 (4423, 473)
2026-08-20 19:53:01,876 INFO m1q1 enhance1 감지 0.941 -> 클릭 (4223, 523)
2026-08-20 19:53:02,417 INFO m1q2 pre_enhance1 감지 0.883 -> 클릭 (5386, 472)
2026-08-20 19:53:03,277 INFO m1q2 enhance1 감지 0.968 -> 클릭 (5186, 523)
2026-08-20 19:53:03,815 INFO m1q3 pre_enhance1 감지 1.000 -> 클릭 (4429, 989)
2026-08-20 19:53:04,694 INFO m1q3 enhance1 감지 0.998 -> 클릭 (4225, 1040)
2026-08-20 19:53:05,305 INFO m2q2 pre_enhance2 감지 0.999 -> 클릭 (3046, 716)
2026-08-20 19:53:06,207 INFO m2q2 enhance2 감지 0.999 -> 클릭 (2630, 820)
2026-08-20 19:53:06,868 INFO m1q1 pre_enhance1 감지 0.895 -> 클릭 (4423, 473)
2026-08-20 19:53:07,745 INFO m1q1 enhance1 감지 0.942 -> 클릭 (4223, 523)
2026-08-20 19:53:08,282 INFO m1q2 pre_enhance1 감지 0.885 -> 클릭 (5386, 472)
2026-08-20 19:53:09,149 INFO m1q2 enhance1 감지 0.967 -> 클릭 (5186, 523)
2026-08-20 19:53:09,685 INFO m1q3 pre_enhance1 감지 0.999 -> 클릭 (4429, 989)
2026-08-20 19:53:10,567 INFO m1q3 enhance1 감지 0.998 -> 클릭 (4225, 1040)
2026-08-20 19:53:11,183 INFO m2q1 pre_enhance2 감지 0.999 -> 클릭 (1126, 716)
2026-08-20 19:53:12,095 INFO m2q1 enhance2 감지 0.999 -> 클릭 (710, 820)
2026-08-20 19:53:12,739 INFO m1q1 pre_enhance1 감지 0.895 -> 클릭 (4423, 473)
2026-08-20 19:53:13,619 INFO m1q1 enhance1 감지 0.942 -> 클릭 (4223, 523)
2026-08-20 19:53:14,154 INFO m1q2 pre_enhance1 감지 0.883 -> 클릭 (5386, 472)
2026-08-20 19:53:15,025 INFO m1q2 enhance1 감지 0.967 -> 클릭 (5186, 523)
2026-08-20 19:53:15,558 INFO m1q3 pre_enhance1 감지 0.999 -> 클릭 (4429, 989)
2026-08-20 19:53:16,447 INFO m1q3 enhance1 감지 0.998 -> 클릭 (4225, 1040)
2026-08-20 19:53:17,064 INFO m2q2 pre_enhance2 감지 0.999 -> 클릭 (3046, 716)
2026-08-20 19:53:17,990 INFO m2q2 enhance2 감지 0.999 -> 클릭 (2630, 820)
2026-08-20 19:53:18,635 INFO m1q1 pre_enhance1 감지 0.895 -> 클릭 (4423, 473)
2026-08-20 19:53:19,508 INFO m1q1 enhance1 감지 0.941 -> 클릭 (4223, 523)
2026-08-20 19:53:20,027 INFO m1q2 pre_enhance1 감지 0.883 -> 클릭 (5386, 472)
2026-08-20 19:53:20,896 INFO m1q2 enhance1 감지 0.967 -> 클릭 (5186, 523)
2026-08-20 19:53:21,426 INFO m1q3 pre_enhance1 감지 0.999 -> 클릭 (4429, 989)
2026-08-20 19:53:22,287 INFO m1q3 enhance1 감지 0.998 -> 클릭 (4225, 1040)
2026-08-20 19:53:22,884 INFO m2q1 pre_enhance2 감지 0.999 -> 클릭 (1126, 716)
2026-08-20 19:53:23,813 INFO m2q1 enhance2 감지 0.999 -> 클릭 (710, 820)
2026-08-20 19:53:24,466 INFO m1q1 pre_enhance1 감지 0.895 -> 클릭 (4423, 473)
2026-08-20 19:53:25,367 INFO m1q1 enhance1 감지 0.941 -> 클릭 (4223, 523)
2026-08-20 19:53:25,898 INFO m1q2 pre_enhance1 감지 0.883 -> 클릭 (5386, 472)
2026-08-20 19:53:26,772 INFO m1q2 enhance1 감지 0.967 -> 클릭 (5186, 523)
2026-08-20 19:53:27,305 INFO m1q3 pre_enhance1 감지 0.999 -> 클릭 (4429, 989)
2026-08-20 19:53:28,174 INFO m1q3 enhance1 감지 0.998 -> 클릭 (4225, 1040)
2026-08-20 19:53:28,785 INFO m2q2 pre_enhance2 감지 0.999 -> 클릭 (3046, 716)
2026-08-20 19:53:29,724 INFO m2q2 enhance2 감지 0.999 -> 클릭 (2630, 820)
2026-08-20 19:53:30,378 INFO m1q1 pre_enhance1 감지 0.896 -> 클릭 (4423, 473)
2026-08-20 19:53:31,244 INFO m1q1 enhance1 감지 0.941 -> 클릭 (4223, 523)
2026-08-20 19:53:31,776 INFO m1q2 pre_enhance1 감지 0.883 -> 클릭 (5386, 472)
2026-08-20 19:53:32,659 INFO m1q2 enhance1 감지 0.967 -> 클릭 (5186, 523)
2026-08-20 19:53:33,213 INFO m1q3 pre_enhance1 감지 0.999 -> 클릭 (4429, 989)
2026-08-20 19:53:34,076 INFO m1q3 enhance1 감지 0.998 -> 클릭 (4225, 1040)
2026-08-20 19:53:34,685 INFO m2q1 pre_enhance2 감지 0.999 -> 클릭 (1126, 716)
2026-08-20 19:53:35,612 INFO m2q1 enhance2 감지 0.999 -> 클릭 (710, 820)
2026-08-20 19:53:36,267 INFO m1q1 pre_enhance1 감지 0.895 -> 클릭 (4423, 473)
2026-08-20 19:53:37,134 INFO m1q1 enhance1 감지 0.941 -> 클릭 (4223, 523)
2026-08-20 19:53:37,684 INFO m1q2 pre_enhance1 감지 0.884 -> 클릭 (5386, 472)
2026-08-20 19:53:38,567 INFO m1q2 enhance1 감지 0.967 -> 클릭 (5186, 523)
2026-08-20 19:53:39,099 INFO m1q3 pre_enhance1 감지 0.999 -> 클릭 (4429, 989)
2026-08-20 19:53:39,967 INFO m1q3 enhance1 감지 0.998 -> 클릭 (4225, 1040)
2026-08-20 19:53:40,569 INFO m2q2 pre_enhance2 감지 0.999 -> 클릭 (3046, 716)
2026-08-20 19:53:41,493 INFO m2q2 enhance2 감지 0.999 -> 클릭 (2630, 820)
2026-08-20 19:53:42,138 INFO m1q1 pre_enhance1 감지 0.895 -> 클릭 (4423, 473)
2026-08-20 19:53:43,000 INFO m1q1 enhance1 감지 0.941 -> 클릭 (4223, 523)
2026-08-20 19:53:43,534 INFO m1q2 pre_enhance1 감지 0.884 -> 클릭 (5386, 472)
2026-08-20 19:53:44,418 INFO m1q2 enhance1 감지 0.967 -> 클릭 (5186, 523)
2026-08-20 19:53:44,952 INFO m1q3 pre_enhance1 감지 0.993 -> 클릭 (4429, 989)
2026-08-20 19:53:45,822 INFO m1q3 enhance1 감지 0.998 -> 클릭 (4225, 1040)
2026-08-20 19:53:46,444 INFO m2q1 pre_enhance2 감지 0.999 -> 클릭 (1126, 716)
2026-08-20 19:53:47,363 INFO m2q1 enhance2 감지 0.999 -> 클릭 (710, 820)
2026-08-20 19:53:48,025 INFO m1q1 pre_enhance1 감지 0.895 -> 클릭 (4423, 473)
2026-08-20 19:53:48,912 INFO m1q1 enhance1 감지 0.941 -> 클릭 (4223, 523)
2026-08-20 19:53:49,440 INFO m1q2 pre_enhance1 감지 0.884 -> 클릭 (5386, 472)
2026-08-20 19:53:50,322 INFO m1q2 enhance1 감지 0.967 -> 클릭 (5186, 523)
2026-08-20 19:53:50,849 INFO m1q3 pre_enhance1 감지 0.999 -> 클릭 (4429, 989)
2026-08-20 19:53:51,730 INFO m1q3 enhance1 감지 0.998 -> 클릭 (4225, 1040)
2026-08-20 19:53:52,371 INFO m2q2 pre_enhance2 감지 0.999 -> 클릭 (3046, 716)
2026-08-20 19:53:53,302 INFO m2q2 enhance2 감지 0.999 -> 클릭 (2630, 820)
2026-08-20 19:53:53,946 INFO m1q1 pre_enhance1 감지 0.895 -> 클릭 (4423, 473)
2026-08-20 19:53:54,857 INFO m1q1 enhance1 감지 0.941 -> 클릭 (4223, 523)
2026-08-20 19:53:55,385 INFO m1q2 pre_enhance1 감지 0.883 -> 클릭 (5386, 472)
2026-08-20 19:53:56,254 INFO m1q2 enhance1 감지 0.967 -> 클릭 (5186, 523)
2026-08-20 19:53:56,788 INFO m1q3 pre_enhance1 감지 0.999 -> 클릭 (4429, 989)
2026-08-20 19:53:57,668 INFO m1q3 enhance1 감지 0.998 -> 클릭 (4225, 1040)
2026-08-20 19:53:58,282 INFO m2q1 pre_enhance2 감지 0.999 -> 클릭 (1126, 716)
2026-08-20 19:53:59,195 INFO m2q1 enhance2 감지 0.999 -> 클릭 (710, 820)
2026-08-20 19:53:59,839 INFO m1q1 pre_enhance1 감지 0.895 -> 클릭 (4423, 473)
2026-08-20 19:54:00,725 INFO m1q1 enhance1 감지 0.941 -> 클릭 (4223, 523)
2026-08-20 19:54:01,256 INFO m1q2 pre_enhance1 감지 0.883 -> 클릭 (5386, 472)
2026-08-20 19:54:02,122 INFO m1q2 enhance1 감지 0.967 -> 클릭 (5186, 523)
2026-08-20 19:54:02,659 INFO m1q3 pre_enhance1 감지 0.999 -> 클릭 (4429, 989)
2026-08-20 19:54:03,542 INFO m1q3 enhance1 감지 0.998 -> 클릭 (4225, 1040)
2026-08-20 19:54:04,148 INFO m2q2 pre_enhance2 감지 0.999 -> 클릭 (3046, 716)
2026-08-20 19:54:05,048 INFO m2q2 enhance2 감지 0.999 -> 클릭 (2630, 820)
2026-08-20 19:54:05,698 INFO m1q1 pre_enhance1 감지 0.895 -> 클릭 (4423, 473)
2026-08-20 19:54:06,578 INFO m1q1 enhance1 감지 0.941 -> 클릭 (4223, 523)
2026-08-20 19:54:07,117 INFO m1q2 pre_enhance1 감지 0.883 -> 클릭 (5386, 472)
2026-08-20 19:54:07,979 INFO m1q2 enhance1 감지 0.967 -> 클릭 (5186, 523)
2026-08-20 19:54:08,520 INFO m1q3 pre_enhance1 감지 0.999 -> 클릭 (4429, 989)
2026-08-20 19:54:09,417 INFO m1q3 enhance1 감지 0.998 -> 클릭 (4225, 1040)
2026-08-20 19:54:10,028 INFO m2q1 pre_enhance2 감지 0.999 -> 클릭 (1126, 716)
2026-08-20 19:54:10,942 INFO m2q1 enhance2 감지 0.999 -> 클릭 (710, 820)
2026-08-20 19:54:11,588 INFO m1q1 pre_enhance1 감지 0.895 -> 클릭 (4423, 473)
2026-08-20 19:54:12,468 INFO m1q1 enhance1 감지 0.941 -> 클릭 (4223, 523)
2026-08-20 19:54:12,999 INFO m1q2 pre_enhance1 감지 0.884 -> 클릭 (5386, 472)
2026-08-20 19:54:13,891 INFO m1q2 enhance1 감지 0.967 -> 클릭 (5186, 523)
2026-08-20 19:54:14,436 INFO m1q3 pre_enhance1 감지 1.000 -> 클릭 (4429, 989)
2026-08-20 19:54:15,311 INFO m1q3 enhance1 감지 0.998 -> 클릭 (4225, 1040)
2026-08-20 19:54:15,908 INFO m2q2 pre_enhance2 감지 0.999 -> 클릭 (3046, 716)
2026-08-20 19:54:16,832 INFO m2q2 enhance2 감지 0.999 -> 클릭 (2630, 820)
2026-08-20 19:54:17,474 INFO m1q1 pre_enhance1 감지 0.895 -> 클릭 (4423, 473)
2026-08-20 19:54:18,345 INFO m1q1 enhance1 감지 0.941 -> 클릭 (4223, 523)
2026-08-20 19:54:18,893 INFO m1q2 pre_enhance1 감지 0.884 -> 클릭 (5386, 472)
2026-08-20 19:54:19,818 INFO m1q2 enhance1 감지 0.968 -> 클릭 (5186, 523)
2026-08-20 19:54:20,347 INFO m1q3 pre_enhance1 감지 0.999 -> 클릭 (4429, 989)
2026-08-20 19:54:21,219 INFO m1q3 enhance1 감지 0.998 -> 클릭 (4225, 1040)
2026-08-20 19:54:21,823 INFO m2q1 pre_enhance2 감지 0.999 -> 클릭 (1126, 716)
2026-08-20 19:54:22,740 INFO m2q1 enhance2 감지 0.999 -> 클릭 (710, 820)
2026-08-20 19:54:23,380 INFO m1q1 pre_enhance1 감지 0.895 -> 클릭 (4423, 473)
2026-08-20 19:54:24,247 INFO m1q1 enhance1 감지 0.941 -> 클릭 (4223, 523)
2026-08-20 19:54:24,787 INFO m1q2 pre_enhance1 감지 0.884 -> 클릭 (5386, 472)
2026-08-20 19:54:25,664 INFO m1q2 enhance1 감지 0.967 -> 클릭 (5186, 523)
2026-08-20 19:54:26,201 INFO m1q3 pre_enhance1 감지 0.999 -> 클릭 (4429, 989)
2026-08-20 19:54:27,069 INFO m1q3 enhance1 감지 0.998 -> 클릭 (4225, 1040)
2026-08-20 19:54:27,695 INFO m2q2 pre_enhance2 감지 0.999 -> 클릭 (3046, 716)
2026-08-20 19:54:28,615 INFO m2q2 enhance2 감지 0.999 -> 클릭 (2630, 820)
2026-08-20 19:54:29,277 INFO m1q1 pre_enhance1 감지 0.897 -> 클릭 (4423, 473)
2026-08-20 19:54:30,137 INFO m1q1 enhance1 감지 0.941 -> 클릭 (4223, 523)
2026-08-20 19:54:30,677 INFO m1q2 pre_enhance1 감지 0.884 -> 클릭 (5386, 472)
2026-08-20 19:54:31,553 INFO m1q2 enhance1 감지 0.967 -> 클릭 (5186, 523)
2026-08-20 19:54:32,085 INFO m1q3 pre_enhance1 감지 0.999 -> 클릭 (4429, 989)
2026-08-20 19:54:32,956 INFO m1q3 enhance1 감지 0.998 -> 클릭 (4225, 1040)
2026-08-20 19:54:33,585 INFO m2q1 pre_enhance2 감지 0.999 -> 클릭 (1126, 716)
2026-08-20 19:54:34,508 INFO m2q1 enhance2 감지 0.999 -> 클릭 (710, 820)
2026-08-20 19:54:35,157 INFO m1q1 pre_enhance1 감지 0.895 -> 클릭 (4423, 473)
2026-08-20 19:54:36,029 INFO m1q1 enhance1 감지 0.941 -> 클릭 (4223, 523)
2026-08-20 19:54:36,560 INFO m1q2 pre_enhance1 감지 0.883 -> 클릭 (5386, 472)
2026-08-20 19:54:37,461 INFO m1q2 enhance1 감지 0.967 -> 클릭 (5186, 523)
2026-08-20 19:54:38,014 INFO m1q3 pre_enhance1 감지 0.999 -> 클릭 (4429, 989)
2026-08-20 19:54:38,897 INFO m1q3 enhance1 감지 0.998 -> 클릭 (4225, 1040)
2026-08-20 19:54:39,526 INFO m2q2 pre_enhance2 감지 0.999 -> 클릭 (3046, 716)
2026-08-20 19:54:40,466 INFO m2q2 enhance2 감지 0.999 -> 클릭 (2630, 820)
2026-08-20 19:54:41,116 INFO m1q1 pre_enhance1 감지 0.895 -> 클릭 (4423, 473)
2026-08-20 19:54:42,002 INFO m1q1 enhance1 감지 0.941 -> 클릭 (4223, 523)
2026-08-20 19:54:42,549 INFO m1q2 pre_enhance1 감지 0.884 -> 클릭 (5386, 472)
2026-08-20 19:54:43,433 INFO m1q2 enhance1 감지 0.967 -> 클릭 (5186, 523)
2026-08-20 19:54:43,972 INFO m1q3 pre_enhance1 감지 0.999 -> 클릭 (4429, 989)
2026-08-20 19:54:44,873 INFO m1q3 enhance1 감지 0.998 -> 클릭 (4225, 1040)
2026-08-20 19:54:45,482 INFO m2q1 pre_enhance2 감지 0.999 -> 클릭 (1126, 716)
2026-08-20 19:54:46,437 INFO m2q1 enhance2 감지 0.999 -> 클릭 (710, 820)
2026-08-20 19:54:47,089 INFO m1q1 pre_enhance1 감지 0.895 -> 클릭 (4423, 473)
2026-08-20 19:54:47,975 INFO m1q1 enhance1 감지 0.942 -> 클릭 (4223, 523)
2026-08-20 19:54:48,512 INFO m1q2 pre_enhance1 감지 0.883 -> 클릭 (5386, 472)
2026-08-20 19:54:49,394 INFO m1q2 enhance1 감지 0.967 -> 클릭 (5186, 523)
2026-08-20 19:54:49,925 INFO m1q3 pre_enhance1 감지 0.999 -> 클릭 (4429, 989)
2026-08-20 19:54:50,812 INFO m1q3 enhance1 감지 0.998 -> 클릭 (4225, 1040)
2026-08-20 19:54:51,430 INFO m2q2 pre_enhance2 감지 0.999 -> 클릭 (3046, 716)
2026-08-20 19:54:52,347 INFO m2q2 enhance2 감지 0.999 -> 클릭 (2630, 820)
2026-08-20 19:54:52,998 INFO m1q1 pre_enhance1 감지 0.895 -> 클릭 (4423, 473)
2026-08-20 19:54:53,880 INFO m1q1 enhance1 감지 0.941 -> 클릭 (4223, 523)
2026-08-20 19:54:54,429 INFO m1q2 pre_enhance1 감지 0.882 -> 클릭 (5386, 472)
2026-08-20 19:54:55,295 INFO m1q2 enhance1 감지 0.968 -> 클릭 (5186, 523)
2026-08-20 19:54:55,830 INFO m1q3 pre_enhance1 감지 0.999 -> 클릭 (4429, 989)
2026-08-20 19:54:56,714 INFO m1q3 enhance1 감지 0.998 -> 클릭 (4225, 1040)
2026-08-20 19:54:57,320 INFO m2q1 pre_enhance2 감지 0.999 -> 클릭 (1126, 716)
2026-08-20 19:54:58,222 INFO m2q1 enhance2 감지 0.999 -> 클릭 (710, 820)
2026-08-20 19:54:58,869 INFO m1q1 pre_enhance1 감지 0.895 -> 클릭 (4423, 473)
2026-08-20 19:54:59,751 INFO m1q1 enhance1 감지 0.942 -> 클릭 (4223, 523)
2026-08-20 19:55:00,282 INFO m1q2 pre_enhance1 감지 0.884 -> 클릭 (5386, 472)
2026-08-20 19:55:01,155 INFO m1q2 enhance1 감지 0.968 -> 클릭 (5186, 523)
2026-08-20 19:55:01,683 INFO m1q3 pre_enhance1 감지 0.999 -> 클릭 (4429, 989)
2026-08-20 19:55:02,575 INFO m1q3 enhance1 감지 0.999 -> 클릭 (4225, 1040)
2026-08-20 19:55:03,177 INFO m2q2 pre_enhance2 감지 0.999 -> 클릭 (3046, 716)
2026-08-20 19:55:04,090 INFO m2q2 enhance2 감지 0.999 -> 클릭 (2630, 820)
2026-08-20 19:55:04,761 INFO m1q1 pre_enhance1 감지 0.895 -> 클릭 (4423, 473)
2026-08-20 19:55:05,637 INFO m1q1 enhance1 감지 0.942 -> 클릭 (4223, 523)
2026-08-20 19:55:06,176 INFO m1q2 pre_enhance1 감지 0.884 -> 클릭 (5386, 472)
2026-08-20 19:55:07,049 INFO m1q2 enhance1 감지 0.967 -> 클릭 (5186, 523)
2026-08-20 19:55:07,581 INFO m1q3 pre_enhance1 감지 1.000 -> 클릭 (4429, 989)
2026-08-20 19:55:08,462 INFO m1q3 enhance1 감지 0.999 -> 클릭 (4225, 1040)
2026-08-20 19:55:09,070 INFO m2q1 pre_enhance2 감지 0.999 -> 클릭 (1126, 716)
2026-08-20 19:55:10,010 INFO m2q1 enhance2 감지 0.999 -> 클릭 (710, 820)
2026-08-20 19:55:10,658 INFO m1q1 pre_enhance1 감지 0.897 -> 클릭 (4423, 473)
2026-08-20 19:55:11,586 INFO m1q1 enhance1 감지 0.941 -> 클릭 (4223, 523)
2026-08-20 19:55:12,117 INFO m1q2 pre_enhance1 감지 0.884 -> 클릭 (5386, 472)
2026-08-20 19:55:12,985 INFO m1q2 enhance1 감지 0.968 -> 클릭 (5186, 523)
2026-08-20 19:55:13,519 INFO m1q3 pre_enhance1 감지 1.000 -> 클릭 (4429, 989)
2026-08-20 19:55:14,418 INFO m1q3 enhance1 감지 0.999 -> 클릭 (4225, 1040)
2026-08-20 19:55:15,031 INFO m2q2 pre_enhance2 감지 0.999 -> 클릭 (3046, 716)
2026-08-20 19:55:15,963 INFO m2q2 enhance2 감지 0.999 -> 클릭 (2630, 820)
2026-08-20 19:55:16,610 INFO m1q1 pre_enhance1 감지 0.895 -> 클릭 (4423, 473)
2026-08-20 19:55:17,488 INFO m1q1 enhance1 감지 0.941 -> 클릭 (4223, 523)
2026-08-20 19:55:18,028 INFO m1q2 pre_enhance1 감지 0.883 -> 클릭 (5386, 472)
2026-08-20 19:55:18,904 INFO m1q2 enhance1 감지 0.968 -> 클릭 (5186, 523)
2026-08-20 19:55:19,448 INFO m1q3 pre_enhance1 감지 1.000 -> 클릭 (4429, 989)
2026-08-20 19:55:20,301 INFO m1q3 enhance1 감지 0.999 -> 클릭 (4225, 1040)
2026-08-20 19:55:20,900 INFO m2q1 pre_enhance2 감지 0.999 -> 클릭 (1126, 716)
2026-08-20 19:55:21,813 INFO m2q1 enhance2 감지 0.999 -> 클릭 (710, 820)
2026-08-20 19:55:22,462 INFO m1q1 pre_enhance1 감지 0.895 -> 클릭 (4423, 473)
2026-08-20 19:55:23,322 INFO m1q1 enhance1 감지 0.942 -> 클릭 (4223, 523)
2026-08-20 19:55:23,840 INFO m1q2 pre_enhance1 감지 0.884 -> 클릭 (5386, 472)
2026-08-20 19:55:24,724 INFO m1q2 enhance1 감지 0.967 -> 클릭 (5186, 523)
2026-08-20 19:55:25,260 INFO m1q3 pre_enhance1 감지 0.999 -> 클릭 (4429, 989)
2026-08-20 19:55:26,131 INFO m1q3 enhance1 감지 0.999 -> 클릭 (4225, 1040)
2026-08-20 19:55:26,740 INFO m2q2 pre_enhance2 감지 0.999 -> 클릭 (3046, 716)
2026-08-20 19:55:27,687 INFO m2q2 enhance2 감지 0.999 -> 클릭 (2630, 820)
2026-08-20 19:55:28,332 INFO m1q1 pre_enhance1 감지 0.896 -> 클릭 (4423, 473)
2026-08-20 19:55:29,203 INFO m1q1 enhance1 감지 0.941 -> 클릭 (4223, 523)
2026-08-20 19:55:29,735 INFO m1q2 pre_enhance1 감지 0.883 -> 클릭 (5386, 472)
2026-08-20 19:55:30,620 INFO m1q2 enhance1 감지 0.967 -> 클릭 (5186, 523)
2026-08-20 19:55:31,151 INFO m1q3 pre_enhance1 감지 1.000 -> 클릭 (4429, 989)
2026-08-20 19:55:32,024 INFO m1q3 enhance1 감지 0.998 -> 클릭 (4225, 1040)
2026-08-20 19:55:32,641 INFO m2q1 pre_enhance2 감지 0.999 -> 클릭 (1126, 716)
2026-08-20 19:55:33,565 INFO m2q1 enhance2 감지 0.999 -> 클릭 (710, 820)
2026-08-20 19:55:34,212 INFO m1q1 pre_enhance1 감지 0.895 -> 클릭 (4423, 473)
2026-08-20 19:55:35,091 INFO m1q1 enhance1 감지 0.943 -> 클릭 (4223, 523)
2026-08-20 19:55:35,623 INFO m1q2 pre_enhance1 감지 0.884 -> 클릭 (5386, 472)
2026-08-20 19:55:36,508 INFO m1q2 enhance1 감지 0.967 -> 클릭 (5186, 523)
2026-08-20 19:55:37,042 INFO m1q3 pre_enhance1 감지 0.999 -> 클릭 (4429, 989)
2026-08-20 19:55:37,911 INFO m1q3 enhance1 감지 0.998 -> 클릭 (4225, 1040)
2026-08-20 19:55:38,535 INFO m2q2 pre_enhance2 감지 0.999 -> 클릭 (3046, 716)
2026-08-20 19:55:39,457 INFO m2q2 enhance2 감지 0.999 -> 클릭 (2630, 820)
2026-08-20 19:55:40,115 INFO m1q1 pre_enhance1 감지 0.895 -> 클릭 (4423, 473)
2026-08-20 19:55:40,989 INFO m1q1 enhance1 감지 0.941 -> 클릭 (4223, 523)
2026-08-20 19:55:41,508 INFO m1q2 pre_enhance1 감지 0.884 -> 클릭 (5386, 472)
2026-08-20 19:55:42,392 INFO m1q2 enhance1 감지 0.967 -> 클릭 (5186, 523)
2026-08-20 19:55:42,930 INFO m1q3 pre_enhance1 감지 0.999 -> 클릭 (4429, 989)
2026-08-20 19:55:43,819 INFO m1q3 enhance1 감지 0.998 -> 클릭 (4225, 1040)
2026-08-20 19:55:44,418 INFO m2q1 pre_enhance2 감지 0.999 -> 클릭 (1126, 716)
2026-08-20 19:55:45,339 INFO m2q1 enhance2 감지 0.999 -> 클릭 (710, 820)
2026-08-20 19:55:45,984 INFO m1q1 pre_enhance1 감지 0.895 -> 클릭 (4423, 473)
2026-08-20 19:55:46,867 INFO m1q1 enhance1 감지 0.942 -> 클릭 (4223, 523)
2026-08-20 19:55:47,400 INFO m1q2 pre_enhance1 감지 0.884 -> 클릭 (5386, 472)
2026-08-20 19:55:48,270 INFO m1q2 enhance1 감지 0.968 -> 클릭 (5186, 523)
2026-08-20 19:55:48,807 INFO m1q3 pre_enhance1 감지 0.999 -> 클릭 (4429, 989)
2026-08-20 19:55:49,689 INFO m1q3 enhance1 감지 0.998 -> 클릭 (4225, 1040)
2026-08-20 19:55:50,295 INFO m2q2 pre_enhance2 감지 0.999 -> 클릭 (3046, 716)
2026-08-20 19:55:51,208 INFO m2q2 enhance2 감지 0.999 -> 클릭 (2630, 820)
2026-08-20 19:55:51,864 INFO m1q1 pre_enhance1 감지 0.895 -> 클릭 (4423, 473)
2026-08-20 19:55:52,737 INFO m1q1 enhance1 감지 0.941 -> 클릭 (4223, 523)
2026-08-20 19:55:53,271 INFO m1q2 pre_enhance1 감지 0.884 -> 클릭 (5386, 472)
2026-08-20 19:55:54,140 INFO m1q2 enhance1 감지 0.967 -> 클릭 (5186, 523)
2026-08-20 19:55:54,674 INFO m1q3 pre_enhance1 감지 0.999 -> 클릭 (4429, 989)
2026-08-20 19:55:55,566 INFO m1q3 enhance1 감지 0.998 -> 클릭 (4225, 1040)
2026-08-20 19:55:56,189 INFO m2q1 pre_enhance2 감지 0.999 -> 클릭 (1126, 716)
2026-08-20 19:55:57,103 INFO m2q1 enhance2 감지 0.999 -> 클릭 (710, 820)
2026-08-20 19:55:57,769 INFO m1q1 pre_enhance1 감지 0.895 -> 클릭 (4423, 473)
2026-08-20 19:55:58,645 INFO m1q1 enhance1 감지 0.941 -> 클릭 (4223, 523)
2026-08-20 19:55:59,178 INFO m1q2 pre_enhance1 감지 0.883 -> 클릭 (5386, 472)
2026-08-20 19:56:00,052 INFO m1q2 enhance1 감지 0.967 -> 클릭 (5186, 523)
2026-08-20 19:56:00,585 INFO m1q3 pre_enhance1 감지 0.999 -> 클릭 (4429, 989)
2026-08-20 19:56:01,487 INFO m1q3 enhance1 감지 0.998 -> 클릭 (4225, 1040)
2026-08-20 19:56:02,235 INFO m1q1 pre_enhance1 감지 0.894 -> 클릭 (4423, 473)
2026-08-20 19:56:03,122 INFO m1q1 enhance1 감지 0.941 -> 클릭 (4223, 523)
2026-08-20 19:56:03,655 INFO m1q2 pre_enhance1 감지 0.883 -> 클릭 (5386, 472)
2026-08-20 19:56:04,534 INFO m1q2 enhance1 감지 0.968 -> 클릭 (5186, 523)
2026-08-20 19:56:05,144 INFO m2q1 pre_enhance2 감지 0.999 -> 클릭 (1126, 716)
2026-08-20 19:56:06,048 INFO m2q1 enhance2 감지 0.999 -> 클릭 (710, 820)
2026-08-20 19:56:06,770 INFO m1q1 pre_enhance1 감지 0.894 -> 클릭 (4423, 473)
2026-08-20 19:56:07,658 INFO m1q1 enhance1 감지 0.941 -> 클릭 (4223, 523)
2026-08-20 19:56:08,190 INFO m1q2 pre_enhance1 감지 0.884 -> 클릭 (5386, 472)
2026-08-20 19:56:09,059 INFO m1q2 pre_enhance1 클릭 후 enhance1 미검출
2026-08-20 19:56:09,093 INFO m1q3 pre_enhance1 감지 0.999 -> 클릭 (4429, 989)
2026-08-20 19:56:09,983 INFO m1q3 enhance1 감지 0.998 -> 클릭 (4225, 1040)
2026-08-20 19:56:10,758 INFO m1q1 pre_enhance1 감지 0.896 -> 클릭 (4423, 473)
2026-08-20 19:56:11,643 INFO m1q1 enhance1 감지 0.941 -> 클릭 (4223, 523)
2026-08-20 19:56:12,289 INFO m2q1 pre_enhance2 감지 0.999 -> 클릭 (1126, 716)
2026-08-20 19:56:13,202 INFO m2q1 enhance2 감지 0.999 -> 클릭 (710, 820)
2026-08-20 19:56:13,931 INFO m1q1 pre_enhance1 감지 0.894 -> 클릭 (4423, 473)
2026-08-20 19:56:14,815 INFO m1q1 enhance1 감지 0.942 -> 클릭 (4223, 523)
2026-08-20 19:56:15,382 INFO m1q3 pre_enhance1 감지 0.999 -> 클릭 (4429, 989)
2026-08-20 19:56:16,266 INFO m1q3 enhance1 감지 0.998 -> 클릭 (4225, 1040)
2026-08-20 19:56:17,019 INFO m1q1 pre_enhance1 감지 0.895 -> 클릭 (4423, 473)
2026-08-20 19:56:17,920 INFO m1q1 enhance1 감지 0.942 -> 클릭 (4223, 523)
2026-08-20 19:56:18,559 INFO m2q1 pre_enhance2 감지 0.999 -> 클릭 (1126, 716)
2026-08-20 19:56:19,521 INFO m2q1 enhance2 감지 0.999 -> 클릭 (710, 820)
2026-08-20 19:56:20,234 INFO m1q1 pre_enhance1 감지 0.895 -> 클릭 (4423, 473)
2026-08-20 19:56:21,122 INFO m1q1 enhance1 감지 0.942 -> 클릭 (4223, 523)
2026-08-20 19:56:21,686 INFO m1q3 pre_enhance1 감지 0.999 -> 클릭 (4429, 989)
2026-08-20 19:56:22,568 INFO m1q3 enhance1 감지 0.998 -> 클릭 (4225, 1040)
2026-08-20 19:56:23,308 INFO m1q1 pre_enhance1 감지 0.889 -> 클릭 (4423, 473)
2026-08-20 19:56:24,176 INFO m1q1 enhance1 감지 0.914 -> 클릭 (4348, 203)
2026-08-20 19:56:24,817 INFO m2q1 pre_enhance2 감지 0.999 -> 클릭 (1126, 716)
2026-08-20 19:56:25,745 INFO m2q1 enhance2 감지 0.999 -> 클릭 (710, 820)
2026-08-20 19:56:26,546 INFO m1q3 pre_enhance1 감지 0.999 -> 클릭 (4429, 989)
2026-08-20 19:56:27,431 INFO m1q3 enhance1 감지 0.999 -> 클릭 (4225, 1040)
2026-08-20 19:56:28,352 INFO m2q1 pre_enhance2 감지 0.995 -> 클릭 (1126, 716)
2026-08-20 19:56:29,277 INFO m2q1 enhance2 감지 0.999 -> 클릭 (710, 820)
2026-08-20 19:56:30,065 INFO m1q3 pre_enhance1 감지 0.999 -> 클릭 (4429, 989)
2026-08-20 19:56:30,981 INFO m1q3 enhance1 감지 0.998 -> 클릭 (4225, 1040)
2026-08-20 19:56:31,868 INFO m2q1 pre_enhance2 감지 0.958 -> 클릭 (1126, 716)
2026-08-20 19:56:32,805 INFO m2q1 enhance2 감지 0.981 -> 클릭 (710, 820)
2026-08-20 19:56:33,588 INFO m1q3 pre_enhance1 감지 0.999 -> 클릭 (4429, 989)
2026-08-20 19:56:34,507 INFO m1q3 enhance1 감지 0.998 -> 클릭 (4225, 1040)
2026-08-20 19:56:35,464 INFO m2q1 pre_enhance2 감지 0.946 -> 클릭 (1126, 716)
2026-08-20 19:56:36,406 INFO m2q1 enhance2 감지 0.981 -> 클릭 (710, 820)
2026-08-20 19:56:37,206 INFO m1q3 pre_enhance1 감지 0.994 -> 클릭 (4429, 989)
2026-08-20 19:56:38,093 INFO m1q3 enhance1 감지 0.998 -> 클릭 (4225, 1040)
2026-08-20 19:56:39,033 INFO m2q1 pre_enhance2 감지 0.958 -> 클릭 (1126, 716)
2026-08-20 19:56:39,950 INFO m2q1 enhance2 감지 0.981 -> 클릭 (710, 820)
2026-08-20 19:56:41,179 INFO m2q1 pre_enhance2 감지 0.946 -> 클릭 (1126, 716)
2026-08-20 19:56:42,123 INFO m2q1 enhance2 감지 0.981 -> 클릭 (710, 820)
2026-08-20 19:56:43,367 INFO m2q1 pre_enhance2 감지 0.958 -> 클릭 (1126, 716)
2026-08-20 19:56:44,281 INFO m2q1 pre_enhance2 클릭 후 enhance2 미검출
2026-08-20 19:56:44,281 INFO ESC 감지 -> 종료
2026-08-20 20:00:59,248 INFO 강화 이미지 자동 클릭 시작
2026-08-20 20:00:59,248 INFO 모니터1 q1~q4 : pre_enhance1 -> enhance1
2026-08-20 20:00:59,248 INFO 모니터2 q1~q2 : pre_enhance2 -> enhance2
2026-08-20 20:00:59,248 INFO threshold=0.82
2026-08-20 20:00:59,249 INFO 클릭 위치=찾은 이미지 정중앙
2026-08-20 20:00:59,249 INFO ESC=프로그램 종료
2026-08-20 20:00:59,284 INFO m1q1 pre_enhance1 감지 0.895 -> 클릭 (4423, 473)
2026-08-20 20:01:00,166 INFO m1q1 enhance1 감지 0.942 -> 클릭 (4223, 523)
2026-08-20 20:01:00,693 INFO m1q2 pre_enhance1 감지 0.883 -> 클릭 (5386, 472)
2026-08-20 20:01:01,562 INFO m1q2 enhance1 감지 0.967 -> 클릭 (5186, 523)
2026-08-20 20:01:02,098 INFO m1q3 pre_enhance1 감지 0.999 -> 클릭 (4429, 989)
2026-08-20 20:01:02,980 INFO m1q3 enhance1 감지 0.998 -> 클릭 (4225, 1040)
2026-08-20 20:01:03,591 INFO m2q1 pre_enhance2 감지 0.999 -> 클릭 (1126, 716)
2026-08-20 20:01:04,508 INFO m2q1 enhance2 감지 0.999 -> 클릭 (710, 820)
2026-08-20 20:01:05,075 INFO m2q2 pre_enhance2 감지 0.999 -> 클릭 (3046, 716)
2026-08-20 20:01:05,992 INFO m2q2 enhance2 감지 0.999 -> 클릭 (2630, 820)
2026-08-20 20:01:06,639 INFO m1q1 pre_enhance1 감지 0.895 -> 클릭 (4423, 473)
2026-08-20 20:01:07,519 INFO m1q1 enhance1 감지 0.942 -> 클릭 (4223, 523)
2026-08-20 20:01:08,056 INFO m1q2 pre_enhance1 감지 0.883 -> 클릭 (5386, 472)
2026-08-20 20:01:08,939 INFO m1q2 enhance1 감지 0.967 -> 클릭 (5186, 523)
2026-08-20 20:01:09,473 INFO m1q3 pre_enhance1 감지 0.999 -> 클릭 (4429, 989)
2026-08-20 20:01:10,343 INFO m1q3 enhance1 감지 0.998 -> 클릭 (4225, 1040)
2026-08-20 20:01:10,948 INFO m2q1 pre_enhance2 감지 0.999 -> 클릭 (1126, 716)
2026-08-20 20:01:11,868 INFO m2q1 enhance2 감지 0.999 -> 클릭 (710, 820)
2026-08-20 20:01:12,511 INFO m1q1 pre_enhance1 감지 0.895 -> 클릭 (4423, 473)
2026-08-20 20:01:13,378 INFO m1q1 enhance1 감지 0.941 -> 클릭 (4223, 523)
2026-08-20 20:01:13,913 INFO m1q2 pre_enhance1 감지 0.885 -> 클릭 (5386, 472)
2026-08-20 20:01:14,792 INFO m1q2 enhance1 감지 0.968 -> 클릭 (5186, 523)
2026-08-20 20:01:15,312 INFO m1q3 pre_enhance1 감지 0.999 -> 클릭 (4429, 989)
2026-08-20 20:01:16,187 INFO m1q3 enhance1 감지 0.998 -> 클릭 (4225, 1040)
2026-08-20 20:01:16,800 INFO m2q2 pre_enhance2 감지 0.999 -> 클릭 (3046, 716)
2026-08-20 20:01:17,725 INFO m2q2 enhance2 감지 0.999 -> 클릭 (2630, 820)
2026-08-20 20:01:18,372 INFO m1q1 pre_enhance1 감지 0.888 -> 클릭 (4423, 473)
2026-08-20 20:01:19,232 INFO m1q1 enhance1 감지 0.942 -> 클릭 (4223, 523)
2026-08-20 20:01:19,767 INFO m1q2 pre_enhance1 감지 0.884 -> 클릭 (5386, 472)
2026-08-20 20:01:20,651 INFO m1q2 enhance1 감지 0.968 -> 클릭 (5186, 523)
2026-08-20 20:01:21,190 INFO m1q3 pre_enhance1 감지 0.999 -> 클릭 (4429, 989)
2026-08-20 20:01:22,056 INFO m1q3 enhance1 감지 0.998 -> 클릭 (4225, 1040)
2026-08-20 20:01:22,663 INFO m2q1 pre_enhance2 감지 0.999 -> 클릭 (1126, 716)
2026-08-20 20:01:23,583 INFO m2q1 enhance2 감지 0.999 -> 클릭 (710, 820)
2026-08-20 20:01:24,224 INFO m1q1 pre_enhance1 감지 0.872 -> 클릭 (4423, 472)
2026-08-20 20:01:25,110 INFO m1q1 enhance1 감지 0.928 -> 클릭 (4223, 523)
2026-08-20 20:01:25,642 INFO m1q2 pre_enhance1 감지 0.884 -> 클릭 (5386, 472)
2026-08-20 20:01:26,524 INFO m1q2 enhance1 감지 0.968 -> 클릭 (5186, 523)
2026-08-20 20:01:27,058 INFO m1q3 pre_enhance1 감지 0.999 -> 클릭 (4429, 989)
2026-08-20 20:01:27,944 INFO m1q3 enhance1 감지 0.996 -> 클릭 (4225, 1040)
2026-08-20 20:01:28,551 INFO m2q2 pre_enhance2 감지 0.999 -> 클릭 (3046, 716)
2026-08-20 20:01:29,469 INFO m2q2 enhance2 감지 0.999 -> 클릭 (2630, 820)
2026-08-20 20:01:30,115 INFO m1q1 pre_enhance1 감지 0.873 -> 클릭 (4423, 472)
2026-08-20 20:01:30,998 INFO m1q1 enhance1 감지 0.928 -> 클릭 (4223, 523)
2026-08-20 20:01:31,531 INFO m1q2 pre_enhance1 감지 0.884 -> 클릭 (5386, 472)
2026-08-20 20:01:32,396 INFO m1q2 enhance1 감지 0.967 -> 클릭 (5186, 523)
2026-08-20 20:01:32,929 INFO m1q3 pre_enhance1 감지 0.993 -> 클릭 (4429, 989)
2026-08-20 20:01:33,816 INFO m1q3 enhance1 감지 0.998 -> 클릭 (4225, 1040)
2026-08-20 20:01:34,423 INFO m2q1 pre_enhance2 감지 0.999 -> 클릭 (1126, 716)
2026-08-20 20:01:35,337 INFO m2q1 enhance2 감지 0.999 -> 클릭 (710, 820)
2026-08-20 20:01:35,986 INFO m1q1 pre_enhance1 감지 0.874 -> 클릭 (4423, 472)
2026-08-20 20:01:36,875 INFO m1q1 enhance1 감지 0.928 -> 클릭 (4223, 523)
2026-08-20 20:01:37,405 INFO m1q2 pre_enhance1 감지 0.883 -> 클릭 (5386, 472)
2026-08-20 20:01:38,271 INFO m1q2 enhance1 감지 0.968 -> 클릭 (5186, 523)
2026-08-20 20:01:38,806 INFO m1q3 pre_enhance1 감지 1.000 -> 클릭 (4429, 989)
2026-08-20 20:01:39,690 INFO m1q3 enhance1 감지 0.999 -> 클릭 (4225, 1040)
2026-08-20 20:01:40,298 INFO m2q2 pre_enhance2 감지 0.999 -> 클릭 (3046, 716)
2026-08-20 20:01:41,217 INFO m2q2 enhance2 감지 0.999 -> 클릭 (2630, 820)
2026-08-20 20:01:41,859 INFO m1q1 pre_enhance1 감지 0.875 -> 클릭 (4423, 472)
2026-08-20 20:01:42,745 INFO m1q1 enhance1 감지 0.928 -> 클릭 (4223, 523)
2026-08-20 20:01:43,281 INFO m1q2 pre_enhance1 감지 0.885 -> 클릭 (5386, 472)
2026-08-20 20:01:44,144 INFO m1q2 enhance1 감지 0.968 -> 클릭 (5186, 523)
2026-08-20 20:01:44,680 INFO m1q3 pre_enhance1 감지 1.000 -> 클릭 (4429, 989)
2026-08-20 20:01:45,561 INFO m1q3 enhance1 감지 0.999 -> 클릭 (4225, 1040)
2026-08-20 20:01:46,168 INFO m2q1 pre_enhance2 감지 0.999 -> 클릭 (1126, 716)
2026-08-20 20:01:47,088 INFO m2q1 enhance2 감지 0.999 -> 클릭 (710, 820)
2026-08-20 20:01:47,732 INFO m1q1 pre_enhance1 감지 0.875 -> 클릭 (4423, 472)
2026-08-20 20:01:48,617 INFO m1q1 enhance1 감지 0.928 -> 클릭 (4223, 523)
2026-08-20 20:01:49,150 INFO m1q2 pre_enhance1 감지 0.884 -> 클릭 (5386, 472)
2026-08-20 20:01:50,017 INFO m1q2 enhance1 감지 0.968 -> 클릭 (5186, 523)
2026-08-20 20:01:50,553 INFO m1q3 pre_enhance1 감지 0.999 -> 클릭 (4429, 989)
2026-08-20 20:01:51,420 INFO m1q3 enhance1 감지 0.999 -> 클릭 (4225, 1040)
2026-08-20 20:01:52,025 INFO m2q2 pre_enhance2 감지 0.999 -> 클릭 (3046, 716)
2026-08-20 20:01:52,945 INFO m2q2 enhance2 감지 0.999 -> 클릭 (2630, 820)
2026-08-20 20:01:53,590 INFO m1q1 pre_enhance1 감지 0.879 -> 클릭 (4423, 472)
2026-08-20 20:01:54,471 INFO m1q1 enhance1 감지 0.927 -> 클릭 (4223, 523)
2026-08-20 20:01:55,007 INFO m1q2 pre_enhance1 감지 0.884 -> 클릭 (5386, 472)
2026-08-20 20:01:55,894 INFO m1q2 enhance1 감지 0.967 -> 클릭 (5186, 523)
2026-08-20 20:01:56,422 INFO m1q3 pre_enhance1 감지 1.000 -> 클릭 (4429, 989)
2026-08-20 20:01:57,289 INFO m1q3 enhance1 감지 0.998 -> 클릭 (4225, 1040)
2026-08-20 20:01:57,895 INFO m2q1 pre_enhance2 감지 0.999 -> 클릭 (1126, 716)
2026-08-20 20:01:58,818 INFO m2q1 enhance2 감지 0.999 -> 클릭 (710, 820)
2026-08-20 20:01:59,462 INFO m1q1 pre_enhance1 감지 0.878 -> 클릭 (4423, 472)
2026-08-20 20:02:00,327 INFO m1q1 enhance1 감지 0.927 -> 클릭 (4223, 523)
2026-08-20 20:02:00,858 INFO m1q2 pre_enhance1 감지 0.883 -> 클릭 (5386, 472)
2026-08-20 20:02:01,742 INFO m1q2 enhance1 감지 0.968 -> 클릭 (5186, 523)
2026-08-20 20:02:02,278 INFO m1q3 pre_enhance1 감지 0.999 -> 클릭 (4429, 989)
2026-08-20 20:02:03,146 INFO m1q3 enhance1 감지 0.998 -> 클릭 (4225, 1040)
2026-08-20 20:02:03,755 INFO m2q2 pre_enhance2 감지 0.999 -> 클릭 (3046, 716)
2026-08-20 20:02:04,669 INFO m2q2 enhance2 감지 0.999 -> 클릭 (2630, 820)
2026-08-20 20:02:05,316 INFO m1q1 pre_enhance1 감지 0.878 -> 클릭 (4423, 472)
2026-08-20 20:02:06,181 INFO m1q1 enhance1 감지 0.927 -> 클릭 (4223, 523)
2026-08-20 20:02:06,714 INFO m1q2 pre_enhance1 감지 0.884 -> 클릭 (5386, 472)
2026-08-20 20:02:07,604 INFO m1q2 enhance1 감지 0.967 -> 클릭 (5186, 523)
2026-08-20 20:02:08,140 INFO m1q3 pre_enhance1 감지 0.999 -> 클릭 (4429, 989)
2026-08-20 20:02:09,004 INFO m1q3 enhance1 감지 0.998 -> 클릭 (4225, 1040)
2026-08-20 20:02:09,620 INFO m2q1 pre_enhance2 감지 0.999 -> 클릭 (1126, 716)
2026-08-20 20:02:10,552 INFO m2q1 enhance2 감지 0.999 -> 클릭 (710, 820)
2026-08-20 20:02:11,207 INFO m1q1 pre_enhance1 감지 0.879 -> 클릭 (4423, 472)
2026-08-20 20:02:12,092 INFO m1q1 enhance1 감지 0.926 -> 클릭 (4223, 523)
2026-08-20 20:02:12,621 INFO m1q2 pre_enhance1 감지 0.883 -> 클릭 (5386, 472)
2026-08-20 20:02:13,503 INFO m1q2 enhance1 감지 0.967 -> 클릭 (5186, 523)
2026-08-20 20:02:14,024 INFO m1q3 pre_enhance1 감지 1.000 -> 클릭 (4429, 989)
2026-08-20 20:02:14,908 INFO m1q3 enhance1 감지 0.998 -> 클릭 (4225, 1040)
2026-08-20 20:02:15,513 INFO m2q2 pre_enhance2 감지 0.999 -> 클릭 (3046, 716)
2026-08-20 20:02:16,419 INFO m2q2 enhance2 감지 0.999 -> 클릭 (2630, 820)
2026-08-20 20:02:17,065 INFO m1q1 pre_enhance1 감지 0.879 -> 클릭 (4423, 472)
2026-08-20 20:02:17,943 INFO m1q1 enhance1 감지 0.926 -> 클릭 (4223, 523)
2026-08-20 20:02:18,480 INFO m1q2 pre_enhance1 감지 0.884 -> 클릭 (5386, 472)
2026-08-20 20:02:19,344 INFO m1q2 enhance1 감지 0.967 -> 클릭 (5186, 523)
2026-08-20 20:02:19,886 INFO m1q3 pre_enhance1 감지 0.999 -> 클릭 (4429, 989)
2026-08-20 20:02:20,763 INFO m1q3 enhance1 감지 0.998 -> 클릭 (4225, 1040)
2026-08-20 20:02:21,373 INFO m2q1 pre_enhance2 감지 0.999 -> 클릭 (1126, 716)
2026-08-20 20:02:22,274 INFO m2q1 enhance2 감지 0.999 -> 클릭 (710, 820)
2026-08-20 20:02:22,918 INFO m1q1 pre_enhance1 감지 0.879 -> 클릭 (4423, 472)
2026-08-20 20:02:23,801 INFO m1q1 enhance1 감지 0.926 -> 클릭 (4223, 523)
2026-08-20 20:02:24,338 INFO m1q2 pre_enhance1 감지 0.883 -> 클릭 (5386, 472)
2026-08-20 20:02:25,222 INFO m1q2 enhance1 감지 0.967 -> 클릭 (5186, 523)
2026-08-20 20:02:25,758 INFO m1q3 pre_enhance1 감지 1.000 -> 클릭 (4429, 989)
2026-08-20 20:02:26,638 INFO m1q3 enhance1 감지 0.999 -> 클릭 (4225, 1040)
2026-08-20 20:02:27,173 INFO m1q4 pre_enhance1 감지 0.820 -> 클릭 (5385, 989)
2026-08-20 20:02:28,038 INFO m1q4 enhance1 감지 0.956 -> 클릭 (5186, 1039)
2026-08-20 20:02:28,613 INFO m2q2 pre_enhance2 감지 0.999 -> 클릭 (3046, 716)
2026-08-20 20:02:29,534 INFO m2q2 enhance2 감지 0.999 -> 클릭 (2630, 820)
2026-08-20 20:02:30,176 INFO m1q1 pre_enhance1 감지 0.878 -> 클릭 (4423, 472)
2026-08-20 20:02:31,066 INFO m1q1 enhance1 감지 0.926 -> 클릭 (4223, 523)
2026-08-20 20:02:31,599 INFO m1q2 pre_enhance1 감지 0.884 -> 클릭 (5386, 472)
2026-08-20 20:02:32,476 INFO m1q2 enhance1 감지 0.968 -> 클릭 (5186, 523)
2026-08-20 20:02:33,011 INFO m1q3 pre_enhance1 감지 1.000 -> 클릭 (4429, 989)
2026-08-20 20:02:33,899 INFO m1q3 enhance1 감지 0.999 -> 클릭 (4225, 1040)
2026-08-20 20:02:34,501 INFO m2q1 pre_enhance2 감지 0.999 -> 클릭 (1126, 716)
2026-08-20 20:02:35,417 INFO m2q1 enhance2 감지 0.999 -> 클릭 (710, 820)
2026-08-20 20:02:36,070 INFO m1q1 pre_enhance1 감지 0.878 -> 클릭 (4423, 472)
2026-08-20 20:02:36,948 INFO m1q1 enhance1 감지 0.926 -> 클릭 (4223, 523)
2026-08-20 20:02:37,486 INFO m1q2 pre_enhance1 감지 0.884 -> 클릭 (5386, 472)
2026-08-20 20:02:38,348 INFO m1q2 enhance1 감지 0.967 -> 클릭 (5186, 523)
2026-08-20 20:02:38,869 INFO m1q3 pre_enhance1 감지 1.000 -> 클릭 (4429, 989)
2026-08-20 20:02:39,749 INFO m1q3 enhance1 감지 0.999 -> 클릭 (4225, 1040)
2026-08-20 20:02:40,364 INFO m2q2 pre_enhance2 감지 0.999 -> 클릭 (3046, 716)
2026-08-20 20:02:41,285 INFO m2q2 enhance2 감지 0.999 -> 클릭 (2630, 820)
2026-08-20 20:02:41,945 INFO m1q1 pre_enhance1 감지 0.878 -> 클릭 (4423, 472)
2026-08-20 20:02:42,822 INFO m1q1 enhance1 감지 0.926 -> 클릭 (4223, 523)
2026-08-20 20:02:43,355 INFO m1q2 pre_enhance1 감지 0.883 -> 클릭 (5386, 472)
2026-08-20 20:02:44,223 INFO m1q2 enhance1 감지 0.967 -> 클릭 (5186, 523)
2026-08-20 20:02:44,757 INFO m1q3 pre_enhance1 감지 0.999 -> 클릭 (4429, 989)
2026-08-20 20:02:45,644 INFO m1q3 enhance1 감지 0.999 -> 클릭 (4225, 1040)
2026-08-20 20:02:46,237 INFO m2q1 pre_enhance2 감지 0.999 -> 클릭 (1126, 716)
2026-08-20 20:02:47,153 INFO m2q1 enhance2 감지 0.999 -> 클릭 (710, 820)
2026-08-20 20:02:47,796 INFO m1q1 pre_enhance1 감지 0.878 -> 클릭 (4423, 472)
2026-08-20 20:02:48,680 INFO m1q1 enhance1 감지 0.926 -> 클릭 (4223, 523)
2026-08-20 20:02:49,215 INFO m1q2 pre_enhance1 감지 0.884 -> 클릭 (5386, 472)
2026-08-20 20:02:50,081 INFO m1q2 enhance1 감지 0.967 -> 클릭 (5186, 523)
2026-08-20 20:02:50,610 INFO m1q3 pre_enhance1 감지 1.000 -> 클릭 (4429, 989)
2026-08-20 20:02:51,504 INFO m1q3 enhance1 감지 0.999 -> 클릭 (4225, 1040)
2026-08-20 20:02:52,103 INFO m2q2 pre_enhance2 감지 0.999 -> 클릭 (3046, 716)
2026-08-20 20:02:53,023 INFO m2q2 enhance2 감지 0.999 -> 클릭 (2630, 820)
2026-08-20 20:02:53,671 INFO m1q1 pre_enhance1 감지 0.872 -> 클릭 (4423, 472)
2026-08-20 20:02:54,552 INFO m1q1 enhance1 감지 0.926 -> 클릭 (4223, 523)
2026-08-20 20:02:55,086 INFO m1q2 pre_enhance1 감지 0.884 -> 클릭 (5386, 472)
2026-08-20 20:02:55,977 INFO m1q2 enhance1 감지 0.967 -> 클릭 (5186, 523)
2026-08-20 20:02:56,505 INFO m1q3 pre_enhance1 감지 1.000 -> 클릭 (4429, 989)
2026-08-20 20:02:57,373 INFO m1q3 enhance1 감지 0.998 -> 클릭 (4225, 1040)
2026-08-20 20:02:57,979 INFO m2q1 pre_enhance2 감지 0.999 -> 클릭 (1126, 716)
2026-08-20 20:02:58,901 INFO m2q1 enhance2 감지 0.999 -> 클릭 (710, 820)
2026-08-20 20:02:59,543 INFO m1q1 pre_enhance1 감지 0.874 -> 클릭 (4423, 472)
2026-08-20 20:03:00,406 INFO m1q1 enhance1 감지 0.926 -> 클릭 (4223, 523)
2026-08-20 20:03:00,942 INFO m1q2 pre_enhance1 감지 0.883 -> 클릭 (5386, 472)
2026-08-20 20:03:01,827 INFO m1q2 enhance1 감지 0.967 -> 클릭 (5186, 523)
2026-08-20 20:03:02,357 INFO m1q3 pre_enhance1 감지 0.994 -> 클릭 (4429, 989)
2026-08-20 20:03:03,205 INFO m1q3 enhance1 감지 0.999 -> 클릭 (4225, 1040)
2026-08-20 20:03:03,804 INFO m2q2 pre_enhance2 감지 0.999 -> 클릭 (3046, 716)
2026-08-20 20:03:04,704 INFO m2q2 enhance2 감지 0.999 -> 클릭 (2630, 820)
2026-08-20 20:03:05,347 INFO m1q1 pre_enhance1 감지 0.874 -> 클릭 (4423, 472)
2026-08-20 20:03:06,215 INFO m1q1 enhance1 감지 0.926 -> 클릭 (4223, 523)
2026-08-20 20:03:06,744 INFO m1q2 pre_enhance1 감지 0.884 -> 클릭 (5386, 472)
2026-08-20 20:03:07,634 INFO m1q2 enhance1 감지 0.967 -> 클릭 (5186, 523)
2026-08-20 20:03:08,171 INFO m1q3 pre_enhance1 감지 0.994 -> 클릭 (4429, 989)
2026-08-20 20:03:09,036 INFO m1q3 enhance1 감지 0.999 -> 클릭 (4225, 1040)
2026-08-20 20:03:09,661 INFO m2q1 pre_enhance2 감지 0.999 -> 클릭 (1126, 716)
2026-08-20 20:03:10,581 INFO m2q1 enhance2 감지 0.999 -> 클릭 (710, 820)
2026-08-20 20:03:11,216 INFO m1q1 pre_enhance1 감지 0.877 -> 클릭 (4423, 472)
2026-08-20 20:03:12,107 INFO m1q1 enhance1 감지 0.926 -> 클릭 (4223, 523)
2026-08-20 20:03:12,635 INFO m1q2 pre_enhance1 감지 0.884 -> 클릭 (5386, 472)
2026-08-20 20:03:13,518 INFO m1q2 enhance1 감지 0.967 -> 클릭 (5186, 523)
2026-08-20 20:03:14,056 INFO m1q3 pre_enhance1 감지 0.994 -> 클릭 (4429, 989)
2026-08-20 20:03:14,942 INFO m1q3 enhance1 감지 0.999 -> 클릭 (4225, 1040)
2026-08-20 20:03:15,543 INFO m2q2 pre_enhance2 감지 0.999 -> 클릭 (3046, 716)
2026-08-20 20:03:16,445 INFO m2q2 enhance2 감지 0.999 -> 클릭 (2630, 820)
2026-08-20 20:03:17,092 INFO m1q1 pre_enhance1 감지 0.877 -> 클릭 (4423, 472)
2026-08-20 20:03:17,976 INFO m1q1 enhance1 감지 0.925 -> 클릭 (4223, 523)
2026-08-20 20:03:18,511 INFO m1q2 pre_enhance1 감지 0.883 -> 클릭 (5386, 472)
2026-08-20 20:03:19,376 INFO m1q2 enhance1 감지 0.967 -> 클릭 (5186, 523)
2026-08-20 20:03:19,911 INFO m1q3 pre_enhance1 감지 0.994 -> 클릭 (4429, 989)
2026-08-20 20:03:20,800 INFO m1q3 enhance1 감지 0.999 -> 클릭 (4225, 1040)
2026-08-20 20:03:21,403 INFO m2q1 pre_enhance2 감지 0.999 -> 클릭 (1126, 716)
2026-08-20 20:03:22,304 INFO m2q1 enhance2 감지 0.999 -> 클릭 (710, 820)
2026-08-20 20:03:22,949 INFO m1q1 pre_enhance1 감지 0.877 -> 클릭 (4423, 472)
2026-08-20 20:03:23,831 INFO m1q1 enhance1 감지 0.925 -> 클릭 (4223, 523)
2026-08-20 20:03:24,364 INFO m1q2 pre_enhance1 감지 0.884 -> 클릭 (5386, 472)
2026-08-20 20:03:25,231 INFO m1q2 enhance1 감지 0.967 -> 클릭 (5186, 523)
2026-08-20 20:03:25,768 INFO m1q3 pre_enhance1 감지 1.000 -> 클릭 (4429, 989)
2026-08-20 20:03:26,637 INFO m1q3 enhance1 감지 0.999 -> 클릭 (4225, 1040)
2026-08-20 20:03:27,246 INFO m2q2 pre_enhance2 감지 0.999 -> 클릭 (3046, 716)
2026-08-20 20:03:28,144 INFO m2q2 enhance2 감지 0.999 -> 클릭 (2630, 820)
2026-08-20 20:03:28,787 INFO m1q1 pre_enhance1 감지 0.877 -> 클릭 (4423, 472)
2026-08-20 20:03:29,672 INFO m1q1 enhance1 감지 0.925 -> 클릭 (4223, 523)
2026-08-20 20:03:30,206 INFO m1q2 pre_enhance1 감지 0.884 -> 클릭 (5386, 472)
2026-08-20 20:03:31,094 INFO m1q2 enhance1 감지 0.967 -> 클릭 (5186, 523)
2026-08-20 20:03:31,626 INFO m1q3 pre_enhance1 감지 1.000 -> 클릭 (4429, 989)
2026-08-20 20:03:32,508 INFO m1q3 enhance1 감지 0.999 -> 클릭 (4225, 1040)
2026-08-20 20:03:33,119 INFO m2q1 pre_enhance2 감지 0.999 -> 클릭 (1126, 716)
2026-08-20 20:03:34,025 INFO m2q1 enhance2 감지 0.999 -> 클릭 (710, 820)
2026-08-20 20:03:34,680 INFO m1q1 pre_enhance1 감지 0.878 -> 클릭 (4423, 472)
2026-08-20 20:03:35,562 INFO m1q1 enhance1 감지 0.925 -> 클릭 (4223, 523)
2026-08-20 20:03:36,093 INFO m1q2 pre_enhance1 감지 0.884 -> 클릭 (5386, 472)
2026-08-20 20:03:36,977 INFO m1q2 enhance1 감지 0.967 -> 클릭 (5186, 523)
2026-08-20 20:03:37,519 INFO m1q3 pre_enhance1 감지 0.999 -> 클릭 (4429, 989)
2026-08-20 20:03:38,387 INFO m1q3 enhance1 감지 0.998 -> 클릭 (4225, 1040)
2026-08-20 20:03:38,990 INFO m2q2 pre_enhance2 감지 0.999 -> 클릭 (3046, 716)
2026-08-20 20:03:39,903 INFO m2q2 enhance2 감지 0.999 -> 클릭 (2630, 820)
2026-08-20 20:03:40,556 INFO m1q1 pre_enhance1 감지 0.878 -> 클릭 (4423, 472)
2026-08-20 20:03:41,433 INFO m1q1 enhance1 감지 0.925 -> 클릭 (4223, 523)
2026-08-20 20:03:41,966 INFO m1q2 pre_enhance1 감지 0.884 -> 클릭 (5386, 538)
2026-08-20 20:03:42,854 INFO m1q2 enhance1 감지 0.967 -> 클릭 (5186, 589)
2026-08-20 20:03:43,390 INFO m1q3 pre_enhance1 감지 0.994 -> 클릭 (4429, 989)
2026-08-20 20:03:44,253 INFO m1q3 enhance1 감지 0.851 -> 클릭 (4279, 1165)
2026-08-20 20:03:44,861 INFO m2q1 pre_enhance2 감지 0.999 -> 클릭 (1126, 716)
2026-08-20 20:03:45,779 INFO m2q1 enhance2 감지 0.999 -> 클릭 (710, 820)
2026-08-20 20:03:46,425 INFO m1q1 pre_enhance1 감지 0.878 -> 클릭 (4423, 472)
2026-08-20 20:03:47,287 INFO m1q1 enhance1 감지 0.825 -> 클릭 (3885, 189)
2026-08-20 20:03:47,823 INFO m1q2 pre_enhance1 감지 0.884 -> 클릭 (5386, 538)
2026-08-20 20:03:48,704 INFO m1q2 enhance1 감지 0.968 -> 클릭 (5186, 589)
2026-08-20 20:03:49,335 INFO m2q2 pre_enhance2 감지 0.999 -> 클릭 (3046, 716)
2026-08-20 20:03:50,253 INFO m2q2 enhance2 감지 0.999 -> 클릭 (2630, 820)
2026-08-20 20:03:50,927 INFO m1q2 pre_enhance1 감지 0.884 -> 클릭 (5318, 616)
2026-08-20 20:03:51,809 INFO m1q2 enhance1 감지 0.928 -> 클릭 (5048, 647)
2026-08-20 20:03:52,750 INFO m2q2 pre_enhance2 감지 0.999 -> 클릭 (3046, 716)
2026-08-20 20:03:53,668 INFO m2q2 enhance2 감지 0.999 -> 클릭 (2630, 820)
2026-08-20 20:03:54,344 INFO m1q2 pre_enhance1 감지 0.884 -> 클릭 (5318, 616)
2026-08-20 20:03:55,227 INFO m1q2 enhance1 감지 0.928 -> 클릭 (5048, 647)
2026-08-20 20:03:56,190 INFO m2q2 pre_enhance2 감지 0.958 -> 클릭 (3046, 716)
2026-08-20 20:03:57,107 INFO m2q2 pre_enhance2 클릭 후 enhance2 미검출
2026-08-20 20:03:57,921 INFO ESC 감지 -> 종료
2026-08-20 20:04:33,129 INFO 강화 이미지 자동 클릭 시작
2026-08-20 20:04:33,130 INFO 모니터1 q1~q4 : pre_enhance1 -> enhance1
2026-08-20 20:04:33,130 INFO 모니터2 q1~q2 : pre_enhance2 -> enhance2
2026-08-20 20:04:33,130 INFO threshold=0.82
2026-08-20 20:04:33,130 INFO 클릭 위치=찾은 이미지 정중앙
2026-08-20 20:04:33,130 INFO ESC=프로그램 종료
2026-08-20 20:04:33,184 INFO m1q2 pre_enhance1 감지 0.884 -> 클릭 (5386, 472)
2026-08-20 20:04:34,056 INFO m1q2 enhance1 감지 0.967 -> 클릭 (5186, 523)
2026-08-20 20:04:34,589 INFO m1q3 pre_enhance1 감지 0.999 -> 클릭 (4429, 989)
2026-08-20 20:04:35,473 INFO m1q3 enhance1 감지 0.998 -> 클릭 (4225, 1040)
2026-08-20 20:04:36,087 INFO m2q1 pre_enhance2 감지 0.999 -> 클릭 (1126, 716)
2026-08-20 20:04:36,999 INFO m2q1 enhance2 감지 0.999 -> 클릭 (710, 820)
2026-08-20 20:04:37,564 INFO m2q2 pre_enhance2 감지 0.999 -> 클릭 (3046, 716)
2026-08-20 20:04:38,468 INFO m2q2 enhance2 감지 0.999 -> 클릭 (2630, 820)
2026-08-20 20:04:39,143 INFO m1q2 pre_enhance1 감지 0.884 -> 클릭 (5386, 472)
2026-08-20 20:04:40,024 INFO m1q2 enhance1 감지 0.967 -> 클릭 (5186, 523)
2026-08-20 20:04:40,545 INFO m1q3 pre_enhance1 감지 0.999 -> 클릭 (4429, 989)
2026-08-20 20:04:41,431 INFO m1q3 enhance1 감지 0.998 -> 클릭 (4225, 1040)
2026-08-20 20:04:42,026 INFO m2q1 pre_enhance2 감지 0.999 -> 클릭 (1126, 716)
2026-08-20 20:04:42,943 INFO m2q1 enhance2 감지 0.999 -> 클릭 (710, 820)
2026-08-20 20:04:43,615 INFO m1q2 pre_enhance1 감지 0.883 -> 클릭 (5386, 472)
2026-08-20 20:04:44,480 INFO m1q2 enhance1 감지 0.967 -> 클릭 (5186, 523)
2026-08-20 20:04:44,998 INFO m1q3 pre_enhance1 감지 0.999 -> 클릭 (4429, 989)
2026-08-20 20:04:45,882 INFO m1q3 enhance1 감지 0.998 -> 클릭 (4225, 1040)
2026-08-20 20:04:46,494 INFO m2q2 pre_enhance2 감지 0.999 -> 클릭 (3046, 716)
2026-08-20 20:04:47,396 INFO m2q2 enhance2 감지 0.999 -> 클릭 (2630, 820)
2026-08-20 20:04:48,070 INFO m1q2 pre_enhance1 감지 0.884 -> 클릭 (5386, 472)
2026-08-20 20:04:48,957 INFO m1q2 enhance1 감지 0.953 -> 클릭 (5186, 523)
2026-08-20 20:04:49,487 INFO m1q3 pre_enhance1 감지 1.000 -> 클릭 (4429, 989)
2026-08-20 20:04:50,360 INFO m1q3 enhance1 감지 0.998 -> 클릭 (4225, 1040)
2026-08-20 20:04:50,963 INFO m2q1 pre_enhance2 감지 0.999 -> 클릭 (1126, 716)
2026-08-20 20:04:51,885 INFO m2q1 enhance2 감지 0.999 -> 클릭 (710, 820)
2026-08-20 20:04:52,559 INFO m1q2 pre_enhance1 감지 0.883 -> 클릭 (5386, 472)
2026-08-20 20:04:53,421 INFO m1q2 enhance1 감지 0.953 -> 클릭 (5186, 523)
2026-08-20 20:04:53,941 INFO m1q3 pre_enhance1 감지 0.999 -> 클릭 (4429, 989)
2026-08-20 20:04:54,826 INFO m1q3 enhance1 감지 0.998 -> 클릭 (4225, 1040)
2026-08-20 20:04:55,439 INFO m2q2 pre_enhance2 감지 0.999 -> 클릭 (3046, 716)
2026-08-20 20:04:56,331 INFO m2q2 enhance2 감지 0.999 -> 클릭 (2630, 820)
2026-08-20 20:04:57,013 INFO m1q2 pre_enhance1 감지 0.883 -> 클릭 (5386, 472)
2026-08-20 20:04:57,894 INFO m1q2 enhance1 감지 0.953 -> 클릭 (5186, 523)
2026-08-20 20:04:58,415 INFO m1q3 pre_enhance1 감지 0.999 -> 클릭 (4429, 989)
2026-08-20 20:04:59,281 INFO m1q3 enhance1 감지 0.998 -> 클릭 (4225, 1040)
2026-08-20 20:04:59,892 INFO m2q1 pre_enhance2 감지 0.999 -> 클릭 (1126, 716)
2026-08-20 20:05:00,823 INFO m2q1 enhance2 감지 0.999 -> 클릭 (710, 820)
2026-08-20 20:05:01,503 INFO m1q2 pre_enhance1 감지 0.883 -> 클릭 (5386, 472)
2026-08-20 20:05:02,371 INFO m1q2 enhance1 감지 0.953 -> 클릭 (5186, 523)
2026-08-20 20:05:02,905 INFO m1q3 pre_enhance1 감지 0.999 -> 클릭 (4429, 989)
2026-08-20 20:05:03,788 INFO m1q3 enhance1 감지 0.998 -> 클릭 (4225, 1040)
2026-08-20 20:05:04,396 INFO m2q2 pre_enhance2 감지 0.999 -> 클릭 (3046, 716)
2026-08-20 20:05:05,316 INFO m2q2 enhance2 감지 0.999 -> 클릭 (2630, 820)
2026-08-20 20:05:05,986 INFO m1q2 pre_enhance1 감지 0.884 -> 클릭 (5386, 472)
2026-08-20 20:05:06,855 INFO m1q2 enhance1 감지 0.952 -> 클릭 (5186, 523)
2026-08-20 20:05:07,388 INFO m1q3 pre_enhance1 감지 1.000 -> 클릭 (4429, 989)
2026-08-20 20:05:08,259 INFO m1q3 enhance1 감지 0.998 -> 클릭 (4225, 1040)
2026-08-20 20:05:08,872 INFO m2q1 pre_enhance2 감지 0.999 -> 클릭 (1126, 716)
2026-08-20 20:05:09,797 INFO m2q1 enhance2 감지 0.999 -> 클릭 (710, 820)
2026-08-20 20:05:10,479 INFO m1q2 pre_enhance1 감지 0.883 -> 클릭 (5386, 472)
2026-08-20 20:05:11,362 INFO m1q2 enhance1 감지 0.952 -> 클릭 (5186, 523)
2026-08-20 20:05:11,897 INFO m1q3 pre_enhance1 감지 0.999 -> 클릭 (4429, 989)
2026-08-20 20:05:12,780 INFO m1q3 enhance1 감지 0.998 -> 클릭 (4225, 1040)
2026-08-20 20:05:13,392 INFO m2q2 pre_enhance2 감지 0.999 -> 클릭 (3046, 716)
2026-08-20 20:05:14,293 INFO m2q2 enhance2 감지 0.999 -> 클릭 (2630, 820)
2026-08-20 20:05:14,970 INFO m1q2 pre_enhance1 감지 0.884 -> 클릭 (5386, 472)
2026-08-20 20:05:15,850 INFO m1q2 enhance1 감지 0.952 -> 클릭 (5186, 523)
2026-08-20 20:05:16,381 INFO m1q3 pre_enhance1 감지 0.999 -> 클릭 (4429, 989)
2026-08-20 20:05:17,239 INFO m1q3 enhance1 감지 0.998 -> 클릭 (4225, 1040)
2026-08-20 20:05:17,848 INFO m2q1 pre_enhance2 감지 0.999 -> 클릭 (1126, 716)
2026-08-20 20:05:18,783 INFO m2q1 enhance2 감지 0.999 -> 클릭 (710, 820)
2026-08-20 20:05:19,471 INFO m1q2 pre_enhance1 감지 0.884 -> 클릭 (5386, 472)
2026-08-20 20:05:20,341 INFO m1q2 enhance1 감지 0.952 -> 클릭 (5186, 523)
2026-08-20 20:05:20,869 INFO m1q3 pre_enhance1 감지 0.999 -> 클릭 (4429, 989)
2026-08-20 20:05:21,757 INFO m1q3 enhance1 감지 0.998 -> 클릭 (4225, 1040)
2026-08-20 20:05:22,361 INFO m2q2 pre_enhance2 감지 0.999 -> 클릭 (3046, 716)
2026-08-20 20:05:23,267 INFO m2q2 enhance2 감지 0.999 -> 클릭 (2630, 820)
2026-08-20 20:05:23,939 INFO m1q2 pre_enhance1 감지 0.884 -> 클릭 (5386, 472)
2026-08-20 20:05:24,826 INFO m1q2 enhance1 감지 0.952 -> 클릭 (5186, 523)
2026-08-20 20:05:25,361 INFO m1q3 pre_enhance1 감지 0.999 -> 클릭 (4429, 989)
2026-08-20 20:05:26,224 INFO m1q3 enhance1 감지 0.998 -> 클릭 (4225, 1040)
2026-08-20 20:05:26,834 INFO m2q1 pre_enhance2 감지 0.999 -> 클릭 (1126, 716)
2026-08-20 20:05:27,751 INFO m2q1 enhance2 감지 0.999 -> 클릭 (710, 820)
2026-08-20 20:05:28,425 INFO m1q2 pre_enhance1 감지 0.884 -> 클릭 (5386, 472)
2026-08-20 20:05:29,281 INFO m1q2 pre_enhance1 클릭 후 enhance1 미검출
2026-08-20 20:05:29,281 INFO ESC 감지 -> 종료
2026-08-20 20:08:51,358 INFO 강화 이미지 자동 클릭 시작
2026-08-20 20:08:51,358 INFO 모니터1 q1~q4 : pre_enhance1 -> enhance1
2026-08-20 20:08:51,358 INFO 모니터2 q1~q2 : pre_enhance2 -> enhance2
2026-08-20 20:08:51,358 INFO threshold=0.82
2026-08-20 20:08:51,359 INFO 클릭 위치=찾은 이미지 정중앙
2026-08-20 20:08:51,359 INFO ESC=프로그램 종료
2026-08-20 20:08:51,399 INFO m1q1 pre_enhance1 감지 0.895 -> 클릭 (4423, 473)
2026-08-20 20:08:52,275 INFO m1q1 pre_enhance1 클릭 후 enhance1 미검출
2026-08-20 20:08:52,307 INFO m1q2 pre_enhance1 감지 0.883 -> 클릭 (5386, 472)
2026-08-20 20:08:53,200 INFO m1q2 pre_enhance1 클릭 후 enhance1 미검출
2026-08-20 20:08:53,230 INFO m1q3 pre_enhance1 감지 1.000 -> 클릭 (4429, 989)
2026-08-20 20:08:54,111 INFO m1q3 pre_enhance1 클릭 후 enhance1 미검출
2026-08-20 20:08:54,220 INFO m2q1 pre_enhance2 감지 0.999 -> 클릭 (1126, 716)
2026-08-20 20:08:55,136 INFO m2q1 pre_enhance2 클릭 후 enhance2 미검출
2026-08-20 20:08:55,205 INFO m2q2 pre_enhance2 감지 0.999 -> 클릭 (3046, 716)
2026-08-20 20:08:56,120 INFO m2q2 pre_enhance2 클릭 후 enhance2 미검출
2026-08-20 20:08:56,268 INFO m1q1 pre_enhance1 감지 0.889 -> 클릭 (4423, 473)
2026-08-20 20:08:57,147 INFO m1q1 pre_enhance1 클릭 후 enhance1 미검출
2026-08-20 20:08:57,178 INFO m1q2 pre_enhance1 감지 0.884 -> 클릭 (5386, 472)
2026-08-20 20:08:58,048 INFO m1q2 pre_enhance1 클릭 후 enhance1 미검출
2026-08-20 20:08:58,082 INFO m1q3 pre_enhance1 감지 0.994 -> 클릭 (4429, 989)
2026-08-20 20:08:58,969 INFO m1q3 pre_enhance1 클릭 후 enhance1 미검출
2026-08-20 20:08:59,077 INFO m2q1 pre_enhance2 감지 0.995 -> 클릭 (1126, 716)
2026-08-20 20:08:59,990 INFO m2q1 pre_enhance2 클릭 후 enhance2 미검출
2026-08-20 20:09:00,137 INFO m1q1 pre_enhance1 감지 0.889 -> 클릭 (4423, 473)
2026-08-20 20:09:01,017 INFO m1q1 pre_enhance1 클릭 후 enhance1 미검출
2026-08-20 20:09:01,052 INFO m1q2 pre_enhance1 감지 0.884 -> 클릭 (5386, 472)
2026-08-20 20:09:01,934 INFO m1q2 pre_enhance1 클릭 후 enhance1 미검출
2026-08-20 20:09:01,952 INFO m1q3 pre_enhance1 감지 0.993 -> 클릭 (4429, 989)
2026-08-20 20:09:02,835 INFO m1q3 pre_enhance1 클릭 후 enhance1 미검출
2026-08-20 20:09:02,928 INFO m2q2 pre_enhance2 감지 0.995 -> 클릭 (3046, 716)
2026-08-20 20:09:03,852 INFO m2q2 pre_enhance2 클릭 후 enhance2 미검출
2026-08-20 20:09:04,005 INFO m1q1 pre_enhance1 감지 0.889 -> 클릭 (4423, 473)
2026-08-20 20:09:04,891 INFO m1q1 pre_enhance1 클릭 후 enhance1 미검출
2026-08-20 20:09:05,074 INFO m2q1 pre_enhance2 감지 0.995 -> 클릭 (1126, 716)
2026-08-20 20:09:05,999 INFO m2q1 pre_enhance2 클릭 후 enhance2 미검출
2026-08-20 20:09:06,143 INFO m1q1 pre_enhance1 감지 0.889 -> 클릭 (4423, 473)
2026-08-20 20:09:07,024 INFO m1q1 pre_enhance1 클릭 후 enhance1 미검출
2026-08-20 20:09:07,460 INFO m2q1 pre_enhance2 감지 0.995 -> 클릭 (1126, 716)
2026-08-20 20:09:08,387 INFO m2q1 pre_enhance2 클릭 후 enhance2 미검출
2026-08-20 20:09:08,595 INFO m1q1 pre_enhance1 감지 0.889 -> 클릭 (4423, 473)
2026-08-20 20:09:09,476 INFO m1q1 pre_enhance1 클릭 후 enhance1 미검출
2026-08-20 20:09:09,896 INFO m2q1 pre_enhance2 감지 0.995 -> 클릭 (1126, 716)
2026-08-20 20:09:10,824 INFO m2q1 pre_enhance2 클릭 후 enhance2 미검출
2026-08-20 20:09:11,031 INFO m1q1 pre_enhance1 감지 0.889 -> 클릭 (4423, 473)
2026-08-20 20:09:11,915 INFO m1q1 pre_enhance1 클릭 후 enhance1 미검출
2026-08-20 20:09:13,123 INFO ESC 감지 -> 종료
2026-08-20 20:10:06,114 INFO 강화 이미지 자동 클릭 시작
2026-08-20 20:10:06,115 INFO 모니터1 q1~q4 : pre_enhance1 -> enhance1
2026-08-20 20:10:06,115 INFO 모니터2 q1~q2 : pre_enhance2 -> enhance2
2026-08-20 20:10:06,115 INFO threshold=0.82
2026-08-20 20:10:06,115 INFO 클릭 위치=찾은 이미지 정중앙
2026-08-20 20:10:06,115 INFO ESC=프로그램 종료
2026-08-20 20:10:06,143 INFO m1q1 pre_enhance1 감지 0.895 -> 클릭 (4423, 473)
2026-08-20 20:10:07,019 INFO m1q1 enhance1 감지 0.999 -> 클릭 (4254, 523)
2026-08-20 20:10:07,559 INFO m1q2 pre_enhance1 감지 0.884 -> 클릭 (5386, 472)
2026-08-20 20:10:08,422 INFO m1q2 enhance1 감지 0.982 -> 클릭 (5217, 523)
2026-08-20 20:10:09,065 INFO m2q1 pre_enhance2 감지 0.999 -> 클릭 (1126, 716)
2026-08-20 20:10:09,980 INFO m2q1 enhance2 감지 1.000 -> 클릭 (776, 825)
2026-08-20 20:10:10,550 INFO m2q2 pre_enhance2 감지 0.999 -> 클릭 (3046, 716)
2026-08-20 20:10:11,464 INFO m2q2 enhance2 감지 1.000 -> 클릭 (2696, 825)
2026-08-20 20:10:12,112 INFO m1q1 pre_enhance1 감지 0.895 -> 클릭 (4423, 473)
2026-08-20 20:10:12,998 INFO m1q1 enhance1 감지 0.999 -> 클릭 (4254, 523)
2026-08-20 20:10:13,528 INFO m1q2 pre_enhance1 감지 0.884 -> 클릭 (5386, 472)
2026-08-20 20:10:14,400 INFO m1q2 enhance1 감지 0.982 -> 클릭 (5217, 523)
2026-08-20 20:10:15,045 INFO m2q1 pre_enhance2 감지 0.999 -> 클릭 (1126, 716)
2026-08-20 20:10:15,975 INFO m2q1 enhance2 감지 1.000 -> 클릭 (776, 825)
2026-08-20 20:10:16,617 INFO m1q1 pre_enhance1 감지 0.895 -> 클릭 (4423, 473)
2026-08-20 20:10:17,482 INFO m1q1 enhance1 감지 0.999 -> 클릭 (4254, 523)
2026-08-20 20:10:18,021 INFO m1q2 pre_enhance1 감지 0.884 -> 클릭 (5386, 472)
2026-08-20 20:10:18,903 INFO m1q2 enhance1 감지 0.982 -> 클릭 (5217, 523)
2026-08-20 20:10:19,546 INFO m2q2 pre_enhance2 감지 0.999 -> 클릭 (3046, 716)
2026-08-20 20:10:20,444 INFO m2q2 enhance2 감지 1.000 -> 클릭 (2696, 825)
2026-08-20 20:10:21,091 INFO m1q1 pre_enhance1 감지 0.895 -> 클릭 (4423, 473)
2026-08-20 20:10:21,972 INFO m1q1 enhance1 감지 0.999 -> 클릭 (4254, 523)
2026-08-20 20:10:22,508 INFO m1q2 pre_enhance1 감지 0.884 -> 클릭 (5386, 472)
2026-08-20 20:10:23,375 INFO m1q2 enhance1 감지 0.982 -> 클릭 (5217, 523)
2026-08-20 20:10:23,942 INFO m1q4 pre_enhance1 감지 0.820 -> 클릭 (5385, 989)
2026-08-20 20:10:24,828 INFO m1q4 enhance1 감지 0.953 -> 클릭 (5216, 1039)
2026-08-20 20:10:25,399 INFO m2q1 pre_enhance2 감지 0.999 -> 클릭 (1126, 716)
2026-08-20 20:10:26,302 INFO m2q1 enhance2 감지 1.000 -> 클릭 (776, 825)
2026-08-20 20:10:26,944 INFO m1q1 pre_enhance1 감지 0.895 -> 클릭 (4423, 473)
2026-08-20 20:10:27,831 INFO m1q1 enhance1 감지 0.999 -> 클릭 (4254, 523)
2026-08-20 20:10:28,362 INFO m1q2 pre_enhance1 감지 0.884 -> 클릭 (5386, 472)
2026-08-20 20:10:29,228 INFO m1q2 enhance1 감지 0.982 -> 클릭 (5217, 523)
2026-08-20 20:10:29,868 INFO m2q2 pre_enhance2 감지 0.999 -> 클릭 (3046, 716)
2026-08-20 20:10:30,793 INFO m2q2 enhance2 감지 1.000 -> 클릭 (2696, 825)
2026-08-20 20:10:31,428 INFO m1q1 pre_enhance1 감지 0.890 -> 클릭 (4423, 473)
2026-08-20 20:10:32,297 INFO m1q1 enhance1 감지 0.999 -> 클릭 (4254, 523)
2026-08-20 20:10:32,834 INFO m1q2 pre_enhance1 감지 0.883 -> 클릭 (5386, 472)
2026-08-20 20:10:33,719 INFO m1q2 enhance1 감지 0.982 -> 클릭 (5217, 523)
2026-08-20 20:10:34,359 INFO m2q1 pre_enhance2 감지 0.999 -> 클릭 (1126, 716)
2026-08-20 20:10:35,274 INFO m2q1 enhance2 감지 1.000 -> 클릭 (776, 825)
2026-08-20 20:10:35,923 INFO m1q1 pre_enhance1 감지 0.895 -> 클릭 (4423, 473)
2026-08-20 20:10:36,805 INFO m1q1 enhance1 감지 0.999 -> 클릭 (4254, 523)
2026-08-20 20:10:37,339 INFO m1q2 pre_enhance1 감지 0.884 -> 클릭 (5386, 472)
2026-08-20 20:10:38,207 INFO m1q2 enhance1 감지 0.982 -> 클릭 (5217, 523)
2026-08-20 20:10:38,846 INFO m2q2 pre_enhance2 감지 0.999 -> 클릭 (3046, 716)
2026-08-20 20:10:39,767 INFO m2q2 enhance2 감지 1.000 -> 클릭 (2696, 825)
2026-08-20 20:10:40,411 INFO m1q1 pre_enhance1 감지 0.889 -> 클릭 (4423, 473)
2026-08-20 20:10:41,275 INFO m1q1 enhance1 감지 0.999 -> 클릭 (4254, 523)
2026-08-20 20:10:41,811 INFO m1q2 pre_enhance1 감지 0.884 -> 클릭 (5386, 472)
2026-08-20 20:10:42,693 INFO m1q2 enhance1 감지 0.981 -> 클릭 (5217, 523)
2026-08-20 20:10:43,319 INFO m2q1 pre_enhance2 감지 0.995 -> 클릭 (1126, 716)
2026-08-20 20:10:44,233 INFO m2q1 enhance2 감지 1.000 -> 클릭 (776, 825)
2026-08-20 20:10:44,882 INFO m1q1 pre_enhance1 감지 0.895 -> 클릭 (4423, 473)
2026-08-20 20:10:45,763 INFO m1q1 enhance1 감지 0.999 -> 클릭 (4254, 523)
2026-08-20 20:10:46,302 INFO m1q2 pre_enhance1 감지 0.883 -> 클릭 (5386, 472)
2026-08-20 20:10:47,161 INFO m1q2 enhance1 감지 0.981 -> 클릭 (5217, 523)
2026-08-20 20:10:47,789 INFO m2q2 pre_enhance2 감지 0.999 -> 클릭 (3046, 716)
2026-08-20 20:10:48,710 INFO m2q2 enhance2 감지 1.000 -> 클릭 (2696, 825)
2026-08-20 20:10:49,352 INFO m1q1 pre_enhance1 감지 0.895 -> 클릭 (4423, 473)
2026-08-20 20:10:50,237 INFO m1q1 enhance1 감지 0.999 -> 클릭 (4254, 523)
2026-08-20 20:10:50,773 INFO m1q2 pre_enhance1 감지 0.883 -> 클릭 (5386, 472)
2026-08-20 20:10:51,657 INFO m1q2 enhance1 감지 0.982 -> 클릭 (5217, 523)
2026-08-20 20:10:52,298 INFO m2q1 pre_enhance2 감지 0.995 -> 클릭 (1126, 716)
2026-08-20 20:10:53,209 INFO m2q1 enhance2 감지 1.000 -> 클릭 (776, 825)
2026-08-20 20:10:53,861 INFO m1q1 pre_enhance1 감지 0.895 -> 클릭 (4423, 473)
2026-08-20 20:10:54,737 INFO m1q1 enhance1 감지 0.999 -> 클릭 (4254, 523)
2026-08-20 20:10:55,276 INFO m1q2 pre_enhance1 감지 0.884 -> 클릭 (5386, 472)
2026-08-20 20:10:56,161 INFO m1q2 enhance1 감지 0.982 -> 클릭 (5217, 523)
2026-08-20 20:10:56,800 INFO m2q2 pre_enhance2 감지 0.999 -> 클릭 (3046, 716)
2026-08-20 20:10:57,716 INFO m2q2 enhance2 감지 1.000 -> 클릭 (2696, 825)
2026-08-20 20:10:58,365 INFO m1q1 pre_enhance1 감지 0.894 -> 클릭 (4423, 473)
2026-08-20 20:10:59,248 INFO m1q1 enhance1 감지 0.999 -> 클릭 (4254, 523)
2026-08-20 20:10:59,780 INFO m1q2 pre_enhance1 감지 0.884 -> 클릭 (5386, 472)
2026-08-20 20:11:00,667 INFO m1q2 enhance1 감지 0.981 -> 클릭 (5217, 523)
2026-08-20 20:11:01,306 INFO m2q1 pre_enhance2 감지 0.999 -> 클릭 (1126, 716)
2026-08-20 20:11:02,218 INFO m2q1 enhance2 감지 1.000 -> 클릭 (776, 825)
2026-08-20 20:11:02,868 INFO m1q1 pre_enhance1 감지 0.895 -> 클릭 (4423, 473)
2026-08-20 20:11:03,750 INFO m1q1 enhance1 감지 0.999 -> 클릭 (4254, 523)
2026-08-20 20:11:04,283 INFO m1q2 pre_enhance1 감지 0.883 -> 클릭 (5386, 472)
2026-08-20 20:11:05,171 INFO m1q2 enhance1 감지 0.981 -> 클릭 (5217, 523)
2026-08-20 20:11:05,734 INFO m1q4 pre_enhance1 감지 0.820 -> 클릭 (5385, 989)
2026-08-20 20:11:06,606 INFO m1q4 enhance1 감지 0.953 -> 클릭 (5216, 1039)
2026-08-20 20:11:07,178 INFO m2q2 pre_enhance2 감지 0.999 -> 클릭 (3046, 716)
2026-08-20 20:11:08,092 INFO m2q2 enhance2 감지 1.000 -> 클릭 (2696, 825)
2026-08-20 20:11:08,740 INFO m1q1 pre_enhance1 감지 0.890 -> 클릭 (4423, 473)
2026-08-20 20:11:09,606 INFO m1q1 enhance1 감지 0.999 -> 클릭 (4254, 523)
2026-08-20 20:11:10,141 INFO m1q2 pre_enhance1 감지 0.883 -> 클릭 (5386, 472)
2026-08-20 20:11:11,027 INFO m1q2 enhance1 감지 0.981 -> 클릭 (5217, 523)
2026-08-20 20:11:11,663 INFO m2q1 pre_enhance2 감지 0.999 -> 클릭 (1126, 716)
2026-08-20 20:11:12,560 INFO m2q1 enhance2 감지 1.000 -> 클릭 (776, 825)
2026-08-20 20:11:13,211 INFO m1q1 pre_enhance1 감지 0.890 -> 클릭 (4423, 473)
2026-08-20 20:11:14,092 INFO m1q1 enhance1 감지 0.999 -> 클릭 (4254, 523)
2026-08-20 20:11:14,628 INFO m1q2 pre_enhance1 감지 0.884 -> 클릭 (5386, 472)
2026-08-20 20:11:15,512 INFO m1q2 enhance1 감지 0.981 -> 클릭 (5217, 523)
2026-08-20 20:11:16,158 INFO m2q2 pre_enhance2 감지 0.999 -> 클릭 (3046, 716)
2026-08-20 20:11:17,072 INFO m2q2 enhance2 감지 1.000 -> 클릭 (2696, 825)
2026-08-20 20:11:17,720 INFO m1q1 pre_enhance1 감지 0.895 -> 클릭 (4423, 473)
2026-08-20 20:11:18,589 INFO m1q1 enhance1 감지 0.999 -> 클릭 (4254, 523)
2026-08-20 20:11:19,120 INFO m1q2 pre_enhance1 감지 0.884 -> 클릭 (5386, 472)
2026-08-20 20:11:19,995 INFO m1q2 enhance1 감지 0.982 -> 클릭 (5217, 523)
2026-08-20 20:11:20,624 INFO m2q1 pre_enhance2 감지 0.999 -> 클릭 (1126, 716)
2026-08-20 20:11:21,544 INFO m2q1 enhance2 감지 1.000 -> 클릭 (776, 825)
2026-08-20 20:11:22,190 INFO m1q1 pre_enhance1 감지 0.894 -> 클릭 (4423, 473)
2026-08-20 20:11:23,068 INFO m1q1 enhance1 감지 0.999 -> 클릭 (4254, 523)
2026-08-20 20:11:23,599 INFO m1q2 pre_enhance1 감지 0.883 -> 클릭 (5386, 472)
2026-08-20 20:11:24,455 INFO m1q2 enhance1 감지 0.982 -> 클릭 (5217, 523)
2026-08-20 20:11:25,099 INFO m2q2 pre_enhance2 감지 0.999 -> 클릭 (3046, 716)
2026-08-20 20:11:26,013 INFO m2q2 enhance2 감지 1.000 -> 클릭 (2696, 825)
2026-08-20 20:11:26,658 INFO m1q1 pre_enhance1 감지 0.895 -> 클릭 (4423, 473)
2026-08-20 20:11:27,527 INFO m1q1 enhance1 감지 0.999 -> 클릭 (4254, 523)
2026-08-20 20:11:28,065 INFO m1q2 pre_enhance1 감지 0.883 -> 클릭 (5386, 472)
2026-08-20 20:11:28,942 INFO m1q2 enhance1 감지 0.982 -> 클릭 (5217, 523)
2026-08-20 20:11:29,582 INFO m2q1 pre_enhance2 감지 0.999 -> 클릭 (1126, 716)
2026-08-20 20:11:30,483 INFO m2q1 enhance2 감지 1.000 -> 클릭 (776, 825)
2026-08-20 20:11:31,125 INFO m1q1 pre_enhance1 감지 0.895 -> 클릭 (4423, 473)
2026-08-20 20:11:32,011 INFO m1q1 enhance1 감지 0.999 -> 클릭 (4254, 523)
2026-08-20 20:11:32,542 INFO m1q2 pre_enhance1 감지 0.884 -> 클릭 (5386, 472)
2026-08-20 20:11:33,396 INFO m1q2 enhance1 감지 0.982 -> 클릭 (5217, 523)
2026-08-20 20:11:34,039 INFO m2q2 pre_enhance2 감지 0.999 -> 클릭 (3046, 716)
2026-08-20 20:11:34,951 INFO m2q2 enhance2 감지 1.000 -> 클릭 (2696, 825)
2026-08-20 20:11:35,604 INFO m1q1 pre_enhance1 감지 0.892 -> 클릭 (4423, 473)
2026-08-20 20:11:36,465 INFO m1q1 enhance1 감지 0.999 -> 클릭 (4254, 523)
2026-08-20 20:11:36,998 INFO m1q2 pre_enhance1 감지 0.884 -> 클릭 (5386, 472)
2026-08-20 20:11:37,881 INFO m1q2 enhance1 감지 0.981 -> 클릭 (5217, 523)
2026-08-20 20:11:38,495 INFO m2q1 pre_enhance2 감지 0.999 -> 클릭 (1126, 716)
2026-08-20 20:11:39,397 INFO m2q1 enhance2 감지 1.000 -> 클릭 (776, 825)
2026-08-20 20:11:40,039 INFO m1q1 pre_enhance1 감지 0.894 -> 클릭 (4423, 473)
2026-08-20 20:11:40,919 INFO m1q1 enhance1 감지 0.999 -> 클릭 (4254, 523)
2026-08-20 20:11:41,456 INFO m1q2 pre_enhance1 감지 0.884 -> 클릭 (5386, 472)
2026-08-20 20:11:42,324 INFO m1q2 enhance1 감지 0.982 -> 클릭 (5217, 523)
2026-08-20 20:11:42,964 INFO m2q2 pre_enhance2 감지 0.999 -> 클릭 (3046, 716)
2026-08-20 20:11:43,877 INFO m2q2 enhance2 감지 1.000 -> 클릭 (2696, 825)
2026-08-20 20:11:44,528 INFO m1q1 pre_enhance1 감지 0.894 -> 클릭 (4423, 473)
2026-08-20 20:11:45,393 INFO m1q1 enhance1 감지 0.999 -> 클릭 (4254, 523)
2026-08-20 20:11:45,927 INFO m1q2 pre_enhance1 감지 0.884 -> 클릭 (5386, 472)
2026-08-20 20:11:46,811 INFO m1q2 enhance1 감지 0.982 -> 클릭 (5217, 523)
2026-08-20 20:11:47,453 INFO m2q1 pre_enhance2 감지 0.999 -> 클릭 (1126, 716)
2026-08-20 20:11:48,351 INFO m2q1 enhance2 감지 1.000 -> 클릭 (776, 825)
2026-08-20 20:11:48,999 INFO m1q1 pre_enhance1 감지 0.894 -> 클릭 (4423, 473)
2026-08-20 20:11:49,878 INFO m1q1 enhance1 감지 1.000 -> 클릭 (4254, 523)
2026-08-20 20:11:50,400 INFO m1q2 pre_enhance1 감지 0.884 -> 클릭 (5386, 472)
2026-08-20 20:11:51,267 INFO m1q2 enhance1 감지 0.982 -> 클릭 (5217, 523)
2026-08-20 20:11:51,911 INFO m2q2 pre_enhance2 감지 0.999 -> 클릭 (3046, 716)
2026-08-20 20:11:52,815 INFO m2q2 enhance2 감지 1.000 -> 클릭 (2696, 825)
2026-08-20 20:11:53,471 INFO m1q1 pre_enhance1 감지 0.895 -> 클릭 (4423, 473)
2026-08-20 20:11:54,339 INFO m1q1 enhance1 감지 0.999 -> 클릭 (4254, 523)
2026-08-20 20:11:54,872 INFO m1q2 pre_enhance1 감지 0.884 -> 클릭 (5386, 472)
2026-08-20 20:11:55,743 INFO m1q2 enhance1 감지 0.982 -> 클릭 (5217, 523)
2026-08-20 20:11:56,380 INFO m2q1 pre_enhance2 감지 0.999 -> 클릭 (1126, 716)
2026-08-20 20:11:57,296 INFO m2q1 enhance2 감지 1.000 -> 클릭 (776, 825)
2026-08-20 20:11:57,943 INFO m1q1 pre_enhance1 감지 0.894 -> 클릭 (4423, 473)
2026-08-20 20:11:58,823 INFO m1q1 enhance1 감지 0.999 -> 클릭 (4254, 523)
2026-08-20 20:11:59,356 INFO m1q2 pre_enhance1 감지 0.884 -> 클릭 (5386, 472)
2026-08-20 20:12:00,227 INFO m1q2 enhance1 감지 0.982 -> 클릭 (5217, 523)
2026-08-20 20:12:00,869 INFO m2q2 pre_enhance2 감지 0.999 -> 클릭 (3046, 716)
2026-08-20 20:12:01,784 INFO m2q2 enhance2 감지 1.000 -> 클릭 (2696, 825)
2026-08-20 20:12:02,427 INFO m1q1 pre_enhance1 감지 0.895 -> 클릭 (4423, 473)
2026-08-20 20:12:03,314 INFO m1q1 enhance1 감지 0.999 -> 클릭 (4254, 523)
2026-08-20 20:12:03,848 INFO m1q2 pre_enhance1 감지 0.884 -> 클릭 (5386, 472)
2026-08-20 20:12:04,731 INFO m1q2 enhance1 감지 0.982 -> 클릭 (5217, 523)
2026-08-20 20:12:05,374 INFO m2q1 pre_enhance2 감지 0.999 -> 클릭 (1126, 716)
2026-08-20 20:12:06,286 INFO m2q1 enhance2 감지 1.000 -> 클릭 (776, 825)
2026-08-20 20:12:06,942 INFO m1q1 pre_enhance1 감지 0.889 -> 클릭 (4423, 473)
2026-08-20 20:12:07,820 INFO m1q1 enhance1 감지 0.999 -> 클릭 (4254, 523)
2026-08-20 20:12:08,354 INFO m1q2 pre_enhance1 감지 0.884 -> 클릭 (5386, 472)
2026-08-20 20:12:09,221 INFO m1q2 enhance1 감지 0.982 -> 클릭 (5217, 523)
2026-08-20 20:12:09,856 INFO m2q2 pre_enhance2 감지 0.999 -> 클릭 (3046, 716)
2026-08-20 20:12:10,781 INFO m2q2 enhance2 감지 1.000 -> 클릭 (2696, 825)
2026-08-20 20:12:11,422 INFO m1q1 pre_enhance1 감지 0.895 -> 클릭 (4423, 473)
2026-08-20 20:12:12,307 INFO m1q1 enhance1 감지 0.999 -> 클릭 (4254, 523)
2026-08-20 20:12:12,838 INFO m1q2 pre_enhance1 감지 0.884 -> 클릭 (5386, 472)
2026-08-20 20:12:13,726 INFO m1q2 enhance1 감지 0.982 -> 클릭 (5217, 523)
2026-08-20 20:12:14,365 INFO m2q1 pre_enhance2 감지 0.999 -> 클릭 (1126, 716)
2026-08-20 20:12:15,283 INFO m2q1 enhance2 감지 1.000 -> 클릭 (776, 825)
2026-08-20 20:12:15,926 INFO m1q1 pre_enhance1 감지 0.895 -> 클릭 (4423, 473)
2026-08-20 20:12:16,815 INFO m1q1 enhance1 감지 0.999 -> 클릭 (4254, 523)
2026-08-20 20:12:17,344 INFO m1q2 pre_enhance1 감지 0.884 -> 클릭 (5386, 472)
2026-08-20 20:12:18,213 INFO m1q2 enhance1 감지 0.982 -> 클릭 (5217, 523)
2026-08-20 20:12:18,852 INFO m2q2 pre_enhance2 감지 0.999 -> 클릭 (3046, 716)
2026-08-20 20:12:19,773 INFO m2q2 enhance2 감지 1.000 -> 클릭 (2696, 825)
2026-08-20 20:12:20,416 INFO m1q1 pre_enhance1 감지 0.895 -> 클릭 (4423, 473)
2026-08-20 20:12:21,298 INFO m1q1 enhance1 감지 0.999 -> 클릭 (4254, 523)
2026-08-20 20:12:21,832 INFO m1q2 pre_enhance1 감지 0.884 -> 클릭 (5386, 472)
2026-08-20 20:12:22,715 INFO m1q2 enhance1 감지 0.982 -> 클릭 (5217, 523)
2026-08-20 20:12:23,361 INFO m2q1 pre_enhance2 감지 0.999 -> 클릭 (1126, 716)
2026-08-20 20:12:24,272 INFO m2q1 enhance2 감지 1.000 -> 클릭 (776, 825)
2026-08-20 20:12:24,918 INFO m1q1 pre_enhance1 감지 0.889 -> 클릭 (4423, 473)
2026-08-20 20:12:25,799 INFO m1q1 enhance1 감지 0.999 -> 클릭 (4254, 523)
2026-08-20 20:12:26,338 INFO m1q2 pre_enhance1 감지 0.884 -> 클릭 (5386, 472)
2026-08-20 20:12:27,219 INFO m1q2 enhance1 감지 0.982 -> 클릭 (5217, 523)
2026-08-20 20:12:27,844 INFO m2q2 pre_enhance2 감지 0.999 -> 클릭 (3046, 716)
2026-08-20 20:12:28,765 INFO m2q2 enhance2 감지 1.000 -> 클릭 (2696, 825)
2026-08-20 20:12:29,408 INFO m1q1 pre_enhance1 감지 0.894 -> 클릭 (4423, 473)
2026-08-20 20:12:30,288 INFO m1q1 enhance1 감지 0.999 -> 클릭 (4254, 523)
2026-08-20 20:12:30,823 INFO m1q2 pre_enhance1 감지 0.883 -> 클릭 (5386, 472)
2026-08-20 20:12:31,707 INFO m1q2 enhance1 감지 0.982 -> 클릭 (5217, 523)
2026-08-20 20:12:32,337 INFO m2q1 pre_enhance2 감지 0.999 -> 클릭 (1126, 716)
2026-08-20 20:12:33,249 INFO m2q1 enhance2 감지 1.000 -> 클릭 (776, 825)
2026-08-20 20:12:33,894 INFO m1q1 pre_enhance1 감지 0.893 -> 클릭 (4423, 473)
2026-08-20 20:12:34,777 INFO m1q1 enhance1 감지 0.999 -> 클릭 (4254, 523)
2026-08-20 20:12:35,314 INFO m1q2 pre_enhance1 감지 0.884 -> 클릭 (5386, 472)
2026-08-20 20:12:36,195 INFO m1q2 enhance1 감지 0.982 -> 클릭 (5217, 523)
2026-08-20 20:12:36,839 INFO m2q2 pre_enhance2 감지 0.999 -> 클릭 (3046, 716)
2026-08-20 20:12:37,757 INFO m2q2 enhance2 감지 1.000 -> 클릭 (2696, 825)
2026-08-20 20:12:38,399 INFO m1q1 pre_enhance1 감지 0.894 -> 클릭 (4423, 473)
2026-08-20 20:12:39,285 INFO m1q1 enhance1 감지 0.999 -> 클릭 (4254, 523)
2026-08-20 20:12:39,822 INFO m1q2 pre_enhance1 감지 0.883 -> 클릭 (5386, 472)
2026-08-20 20:12:40,700 INFO m1q2 enhance1 감지 0.981 -> 클릭 (5217, 523)
2026-08-20 20:12:41,344 INFO m2q1 pre_enhance2 감지 0.999 -> 클릭 (1126, 716)
2026-08-20 20:12:42,257 INFO m2q1 enhance2 감지 1.000 -> 클릭 (776, 825)
2026-08-20 20:12:42,905 INFO m1q1 pre_enhance1 감지 0.895 -> 클릭 (4423, 473)
2026-08-20 20:12:43,785 INFO m1q1 enhance1 감지 0.999 -> 클릭 (4254, 523)
2026-08-20 20:12:44,322 INFO m1q2 pre_enhance1 감지 0.883 -> 클릭 (5386, 472)
2026-08-20 20:12:45,209 INFO m1q2 enhance1 감지 0.982 -> 클릭 (5217, 523)
2026-08-20 20:12:45,851 INFO m2q2 pre_enhance2 감지 0.999 -> 클릭 (3046, 716)
2026-08-20 20:12:46,757 INFO m2q2 enhance2 감지 1.000 -> 클릭 (2696, 825)
2026-08-20 20:12:47,411 INFO m1q1 pre_enhance1 감지 0.889 -> 클릭 (4423, 473)
2026-08-20 20:12:48,296 INFO m1q1 enhance1 감지 0.999 -> 클릭 (4254, 523)
2026-08-20 20:12:48,826 INFO m1q2 pre_enhance1 감지 0.884 -> 클릭 (5386, 472)
2026-08-20 20:12:49,712 INFO m1q2 enhance1 감지 0.982 -> 클릭 (5217, 523)
2026-08-20 20:12:50,353 INFO m2q1 pre_enhance2 감지 0.999 -> 클릭 (1126, 716)
2026-08-20 20:12:51,274 INFO m2q1 enhance2 감지 1.000 -> 클릭 (776, 825)
2026-08-20 20:12:51,917 INFO m1q1 pre_enhance1 감지 0.895 -> 클릭 (4423, 473)
2026-08-20 20:12:52,795 INFO m1q1 enhance1 감지 0.999 -> 클릭 (4254, 523)
2026-08-20 20:12:53,332 INFO m1q2 pre_enhance1 감지 0.883 -> 클릭 (5386, 472)
2026-08-20 20:12:54,214 INFO m1q2 enhance1 감지 0.982 -> 클릭 (5217, 523)
2026-08-20 20:12:54,859 INFO m2q2 pre_enhance2 감지 0.999 -> 클릭 (3046, 716)
2026-08-20 20:12:55,758 INFO m2q2 enhance2 감지 1.000 -> 클릭 (2696, 825)
2026-08-20 20:12:56,402 INFO m1q1 pre_enhance1 감지 0.895 -> 클릭 (4423, 473)
2026-08-20 20:12:57,290 INFO m1q1 enhance1 감지 0.999 -> 클릭 (4254, 523)
2026-08-20 20:12:57,823 INFO m1q2 pre_enhance1 감지 0.884 -> 클릭 (5386, 472)
2026-08-20 20:12:58,700 INFO m1q2 enhance1 감지 0.981 -> 클릭 (5217, 523)
2026-08-20 20:12:59,330 INFO m2q1 pre_enhance2 감지 0.999 -> 클릭 (1126, 716)
2026-08-20 20:13:00,249 INFO m2q1 enhance2 감지 1.000 -> 클릭 (776, 825)
2026-08-20 20:13:00,893 INFO m1q1 pre_enhance1 감지 0.895 -> 클릭 (4423, 473)
2026-08-20 20:13:01,771 INFO m1q1 enhance1 감지 0.999 -> 클릭 (4254, 523)
2026-08-20 20:13:02,310 INFO m1q2 pre_enhance1 감지 0.884 -> 클릭 (5386, 472)
2026-08-20 20:13:03,192 INFO m1q2 enhance1 감지 0.982 -> 클릭 (5217, 523)
2026-08-20 20:13:03,837 INFO m2q2 pre_enhance2 감지 0.999 -> 클릭 (3046, 716)
2026-08-20 20:13:04,752 INFO m2q2 enhance2 감지 1.000 -> 클릭 (2696, 825)
2026-08-20 20:13:05,394 INFO m1q1 pre_enhance1 감지 0.889 -> 클릭 (4423, 473)
2026-08-20 20:13:06,279 INFO m1q1 enhance1 감지 0.999 -> 클릭 (4254, 523)
2026-08-20 20:13:06,813 INFO m1q2 pre_enhance1 감지 0.884 -> 클릭 (5386, 472)
2026-08-20 20:13:07,696 INFO m1q2 enhance1 감지 0.982 -> 클릭 (5217, 523)
2026-08-20 20:13:08,340 INFO m2q1 pre_enhance2 감지 0.999 -> 클릭 (1126, 716)
2026-08-20 20:13:09,257 INFO m2q1 enhance2 감지 1.000 -> 클릭 (776, 825)
2026-08-20 20:13:09,904 INFO m1q1 pre_enhance1 감지 0.896 -> 클릭 (4423, 473)
2026-08-20 20:13:10,785 INFO m1q1 enhance1 감지 0.999 -> 클릭 (4254, 523)
2026-08-20 20:13:11,317 INFO m1q2 pre_enhance1 감지 0.884 -> 클릭 (5386, 472)
2026-08-20 20:13:12,202 INFO m1q2 enhance1 감지 0.982 -> 클릭 (5217, 523)
2026-08-20 20:13:12,845 INFO m2q2 pre_enhance2 감지 0.999 -> 클릭 (3046, 716)
2026-08-20 20:13:13,765 INFO m2q2 enhance2 감지 1.000 -> 클릭 (2696, 825)
2026-08-20 20:13:14,406 INFO m1q1 pre_enhance1 감지 0.895 -> 클릭 (4423, 473)
2026-08-20 20:13:15,286 INFO m1q1 enhance1 감지 0.999 -> 클릭 (4254, 523)
2026-08-20 20:13:15,822 INFO m1q2 pre_enhance1 감지 0.884 -> 클릭 (5386, 472)
2026-08-20 20:13:16,704 INFO m1q2 enhance1 감지 0.982 -> 클릭 (5217, 523)
2026-08-20 20:13:17,358 INFO m2q1 pre_enhance2 감지 0.999 -> 클릭 (1126, 716)
2026-08-20 20:13:18,286 INFO m2q1 enhance2 감지 1.000 -> 클릭 (776, 825)
2026-08-20 20:13:18,922 INFO m1q1 pre_enhance1 감지 0.894 -> 클릭 (4423, 473)
2026-08-20 20:13:19,808 INFO m1q1 enhance1 감지 0.999 -> 클릭 (4254, 523)
2026-08-20 20:13:20,340 INFO m1q2 pre_enhance1 감지 0.884 -> 클릭 (5386, 472)
2026-08-20 20:13:21,212 INFO m1q2 enhance1 감지 0.982 -> 클릭 (5217, 523)
2026-08-20 20:13:21,848 INFO m2q2 pre_enhance2 감지 0.999 -> 클릭 (3046, 716)
2026-08-20 20:13:22,779 INFO m2q2 enhance2 감지 1.000 -> 클릭 (2696, 825)
2026-08-20 20:13:23,435 INFO m1q1 pre_enhance1 감지 0.895 -> 클릭 (4423, 473)
2026-08-20 20:13:24,313 INFO m1q1 enhance1 감지 0.999 -> 클릭 (4254, 523)
2026-08-20 20:13:24,844 INFO m1q2 pre_enhance1 감지 0.883 -> 클릭 (5386, 472)
2026-08-20 20:13:25,712 INFO m1q2 enhance1 감지 0.982 -> 클릭 (5217, 523)
2026-08-20 20:13:26,346 INFO m2q1 pre_enhance2 감지 0.999 -> 클릭 (1126, 716)
2026-08-20 20:13:27,255 INFO m2q1 enhance2 감지 1.000 -> 클릭 (776, 825)
2026-08-20 20:13:27,907 INFO m1q1 pre_enhance1 감지 0.895 -> 클릭 (4423, 473)
2026-08-20 20:13:28,783 INFO m1q1 enhance1 감지 0.999 -> 클릭 (4254, 523)
2026-08-20 20:13:29,319 INFO m1q2 pre_enhance1 감지 0.883 -> 클릭 (5386, 472)
2026-08-20 20:13:30,212 INFO m1q2 enhance1 감지 0.982 -> 클릭 (5217, 523)
2026-08-20 20:13:30,825 INFO m2q2 pre_enhance2 감지 0.999 -> 클릭 (3046, 716)
2026-08-20 20:13:31,748 INFO m2q2 enhance2 감지 1.000 -> 클릭 (2696, 825)
2026-08-20 20:13:32,391 INFO m1q1 pre_enhance1 감지 0.894 -> 클릭 (4423, 473)
2026-08-20 20:13:33,275 INFO m1q1 enhance1 감지 0.999 -> 클릭 (4254, 523)
2026-08-20 20:13:33,808 INFO m1q2 pre_enhance1 감지 0.884 -> 클릭 (5386, 472)
2026-08-20 20:13:34,671 INFO m1q2 enhance1 감지 0.982 -> 클릭 (5217, 523)
2026-08-20 20:13:35,269 INFO m2q1 pre_enhance2 감지 0.999 -> 클릭 (1126, 716)
2026-08-20 20:13:36,182 INFO m2q1 enhance2 감지 1.000 -> 클릭 (776, 825)
2026-08-20 20:13:36,834 INFO m1q1 pre_enhance1 감지 0.889 -> 클릭 (4423, 473)
2026-08-20 20:13:37,710 INFO m1q1 enhance1 감지 0.999 -> 클릭 (4254, 523)
2026-08-20 20:13:38,244 INFO m1q2 pre_enhance1 감지 0.884 -> 클릭 (5386, 472)
2026-08-20 20:13:39,129 INFO m1q2 enhance1 감지 0.982 -> 클릭 (5217, 523)
2026-08-20 20:13:39,751 INFO m2q2 pre_enhance2 감지 0.999 -> 클릭 (3046, 716)
2026-08-20 20:13:40,651 INFO m2q2 enhance2 감지 1.000 -> 클릭 (2696, 825)
2026-08-20 20:13:41,300 INFO m1q1 pre_enhance1 감지 0.896 -> 클릭 (4423, 473)
2026-08-20 20:13:42,183 INFO m1q1 enhance1 감지 0.999 -> 클릭 (4254, 523)
2026-08-20 20:13:42,713 INFO m1q2 pre_enhance1 감지 0.883 -> 클릭 (5386, 472)
2026-08-20 20:13:43,566 INFO m1q2 enhance1 감지 0.982 -> 클릭 (5217, 523)
2026-08-20 20:13:44,194 INFO m2q1 pre_enhance2 감지 0.999 -> 클릭 (1126, 716)
2026-08-20 20:13:45,117 INFO m2q1 enhance2 감지 1.000 -> 클릭 (776, 825)
2026-08-20 20:13:45,774 INFO m1q1 pre_enhance1 감지 0.895 -> 클릭 (4423, 473)
2026-08-20 20:13:46,633 INFO m1q1 enhance1 감지 0.999 -> 클릭 (4254, 523)
2026-08-20 20:13:47,150 INFO m1q2 pre_enhance1 감지 0.883 -> 클릭 (5386, 472)
2026-08-20 20:13:48,025 INFO m1q2 enhance1 감지 0.982 -> 클릭 (5217, 523)
2026-08-20 20:13:48,654 INFO m2q2 pre_enhance2 감지 0.999 -> 클릭 (3046, 716)
2026-08-20 20:13:49,565 INFO m2q2 enhance2 감지 1.000 -> 클릭 (2696, 825)
2026-08-20 20:13:50,207 INFO m1q1 pre_enhance1 감지 0.891 -> 클릭 (4423, 473)
2026-08-20 20:13:51,094 INFO m1q1 enhance1 감지 0.999 -> 클릭 (4254, 523)
2026-08-20 20:13:51,626 INFO m1q2 pre_enhance1 감지 0.884 -> 클릭 (5386, 472)
2026-08-20 20:13:52,491 INFO m1q2 enhance1 감지 0.981 -> 클릭 (5217, 523)
2026-08-20 20:13:53,149 INFO m2q1 pre_enhance2 감지 0.999 -> 클릭 (1126, 716)
2026-08-20 20:13:54,072 INFO m2q1 enhance2 감지 1.000 -> 클릭 (776, 825)
2026-08-20 20:13:54,713 INFO m1q1 pre_enhance1 감지 0.889 -> 클릭 (4423, 473)
2026-08-20 20:13:55,594 INFO m1q1 enhance1 감지 0.999 -> 클릭 (4254, 523)
2026-08-20 20:13:56,128 INFO m1q2 pre_enhance1 감지 0.884 -> 클릭 (5386, 472)
2026-08-20 20:13:57,011 INFO m1q2 enhance1 감지 0.981 -> 클릭 (5217, 523)
2026-08-20 20:13:57,636 INFO m2q2 pre_enhance2 감지 0.999 -> 클릭 (3046, 716)
2026-08-20 20:13:58,540 INFO m2q2 enhance2 감지 1.000 -> 클릭 (2696, 825)
2026-08-20 20:13:59,183 INFO m1q1 pre_enhance1 감지 0.889 -> 클릭 (4423, 473)
2026-08-20 20:14:00,066 INFO m1q1 enhance1 감지 0.999 -> 클릭 (4254, 523)
2026-08-20 20:14:00,602 INFO m1q2 pre_enhance1 감지 0.884 -> 클릭 (5386, 472)
2026-08-20 20:14:01,468 INFO m1q2 enhance1 감지 0.981 -> 클릭 (5217, 523)
2026-08-20 20:14:02,112 INFO m2q1 pre_enhance2 감지 0.999 -> 클릭 (1126, 716)
2026-08-20 20:14:03,032 INFO m2q1 enhance2 감지 1.000 -> 클릭 (776, 825)
2026-08-20 20:14:03,673 INFO m1q1 pre_enhance1 감지 0.871 -> 클릭 (4423, 472)
2026-08-20 20:14:04,541 INFO m1q1 enhance1 감지 0.982 -> 클릭 (4254, 523)
2026-08-20 20:14:05,075 INFO m1q2 pre_enhance1 감지 0.884 -> 클릭 (5386, 472)
2026-08-20 20:14:05,941 INFO m1q2 enhance1 감지 0.982 -> 클릭 (5217, 523)
2026-08-20 20:14:06,591 INFO m2q2 pre_enhance2 감지 0.999 -> 클릭 (3046, 716)
2026-08-20 20:14:07,499 INFO m2q2 enhance2 감지 1.000 -> 클릭 (2696, 825)
2026-08-20 20:14:08,145 INFO m1q1 pre_enhance1 감지 0.875 -> 클릭 (4423, 472)
2026-08-20 20:14:09,024 INFO m1q1 enhance1 감지 0.982 -> 클릭 (4254, 523)
2026-08-20 20:14:09,545 INFO m1q2 pre_enhance1 감지 0.884 -> 클릭 (5386, 472)
2026-08-20 20:14:10,417 INFO m1q2 enhance1 감지 0.982 -> 클릭 (5217, 523)
2026-08-20 20:14:11,052 INFO m2q1 pre_enhance2 감지 0.999 -> 클릭 (1126, 716)
2026-08-20 20:14:11,958 INFO m2q1 enhance2 감지 1.000 -> 클릭 (776, 825)
2026-08-20 20:14:12,604 INFO m1q1 pre_enhance1 감지 0.876 -> 클릭 (4423, 472)
2026-08-20 20:14:13,469 INFO m1q1 enhance1 감지 0.982 -> 클릭 (4254, 523)
2026-08-20 20:14:14,003 INFO m1q2 pre_enhance1 감지 0.884 -> 클릭 (5386, 472)
2026-08-20 20:14:14,882 INFO m1q2 enhance1 감지 0.981 -> 클릭 (5217, 523)
2026-08-20 20:14:15,526 INFO m2q2 pre_enhance2 감지 0.999 -> 클릭 (3046, 716)
2026-08-20 20:14:16,429 INFO m2q2 enhance2 감지 1.000 -> 클릭 (2696, 825)
2026-08-20 20:14:17,070 INFO m1q1 pre_enhance1 감지 0.874 -> 클릭 (4423, 472)
2026-08-20 20:14:17,951 INFO m1q1 enhance1 감지 0.982 -> 클릭 (4254, 523)
2026-08-20 20:14:18,489 INFO m1q2 pre_enhance1 감지 0.884 -> 클릭 (5386, 472)
2026-08-20 20:14:19,355 INFO m1q2 enhance1 감지 0.981 -> 클릭 (5217, 523)
2026-08-20 20:14:19,983 INFO m2q1 pre_enhance2 감지 0.999 -> 클릭 (1126, 716)
2026-08-20 20:14:20,903 INFO m2q1 enhance2 감지 1.000 -> 클릭 (776, 825)
2026-08-20 20:14:21,540 INFO m1q1 pre_enhance1 감지 0.873 -> 클릭 (4423, 472)
2026-08-20 20:14:22,408 INFO m1q1 enhance1 감지 0.982 -> 클릭 (4254, 523)
2026-08-20 20:14:22,946 INFO m1q2 pre_enhance1 감지 0.883 -> 클릭 (5386, 472)
2026-08-20 20:14:23,830 INFO m1q2 enhance1 감지 0.982 -> 클릭 (5217, 523)
2026-08-20 20:14:24,469 INFO m2q2 pre_enhance2 감지 0.999 -> 클릭 (3046, 716)
2026-08-20 20:14:25,385 INFO m2q2 enhance2 감지 1.000 -> 클릭 (2696, 825)
2026-08-20 20:14:26,033 INFO m1q1 pre_enhance1 감지 0.875 -> 클릭 (4423, 472)
2026-08-20 20:14:26,912 INFO m1q1 enhance1 감지 0.982 -> 클릭 (4254, 523)
2026-08-20 20:14:27,448 INFO m1q2 pre_enhance1 감지 0.883 -> 클릭 (5386, 472)
2026-08-20 20:14:28,312 INFO m1q2 enhance1 감지 0.982 -> 클릭 (5217, 523)
2026-08-20 20:14:28,941 INFO m2q1 pre_enhance2 감지 0.999 -> 클릭 (1126, 716)
2026-08-20 20:14:29,867 INFO m2q1 enhance2 감지 1.000 -> 클릭 (776, 825)
2026-08-20 20:14:30,523 INFO m1q1 pre_enhance1 감지 0.875 -> 클릭 (4423, 472)
2026-08-20 20:14:31,384 INFO m1q1 enhance1 감지 0.982 -> 클릭 (4254, 523)
2026-08-20 20:14:31,918 INFO m1q2 pre_enhance1 감지 0.885 -> 클릭 (5386, 472)
2026-08-20 20:14:32,804 INFO m1q2 enhance1 감지 0.982 -> 클릭 (5217, 523)
2026-08-20 20:14:33,454 INFO m2q2 pre_enhance2 감지 0.999 -> 클릭 (3046, 716)
2026-08-20 20:14:34,380 INFO m2q2 enhance2 감지 1.000 -> 클릭 (2696, 825)
2026-08-20 20:14:35,027 INFO m1q1 pre_enhance1 감지 0.873 -> 클릭 (4423, 472)
2026-08-20 20:14:35,904 INFO m1q1 enhance1 감지 0.983 -> 클릭 (4254, 523)
2026-08-20 20:14:36,440 INFO m1q2 pre_enhance1 감지 0.885 -> 클릭 (5386, 472)
2026-08-20 20:14:37,302 INFO m1q2 enhance1 감지 0.982 -> 클릭 (5217, 523)
2026-08-20 20:14:37,930 INFO m2q1 pre_enhance2 감지 0.999 -> 클릭 (1126, 716)
2026-08-20 20:14:38,851 INFO m2q1 enhance2 감지 1.000 -> 클릭 (776, 825)
2026-08-20 20:14:39,498 INFO m1q1 pre_enhance1 감지 0.872 -> 클릭 (4423, 472)
2026-08-20 20:14:40,378 INFO m1q1 enhance1 감지 0.983 -> 클릭 (4254, 523)
2026-08-20 20:14:40,908 INFO m1q2 pre_enhance1 감지 0.884 -> 클릭 (5386, 472)
2026-08-20 20:14:41,774 INFO m1q2 enhance1 감지 0.981 -> 클릭 (5217, 523)
2026-08-20 20:14:42,438 INFO m2q2 pre_enhance2 감지 0.999 -> 클릭 (3046, 716)
2026-08-20 20:14:43,356 INFO m2q2 enhance2 감지 1.000 -> 클릭 (2696, 825)
2026-08-20 20:14:44,001 INFO m1q1 pre_enhance1 감지 0.875 -> 클릭 (4423, 472)
2026-08-20 20:14:44,884 INFO m1q1 enhance1 감지 0.983 -> 클릭 (4254, 523)
2026-08-20 20:14:45,420 INFO m1q2 pre_enhance1 감지 0.884 -> 클릭 (5386, 472)
2026-08-20 20:14:46,290 INFO m1q2 enhance1 감지 0.982 -> 클릭 (5217, 523)
2026-08-20 20:14:46,930 INFO m2q1 pre_enhance2 감지 0.999 -> 클릭 (1126, 716)
2026-08-20 20:14:47,843 INFO m2q1 enhance2 감지 1.000 -> 클릭 (776, 825)
2026-08-20 20:14:48,493 INFO m1q1 pre_enhance1 감지 0.875 -> 클릭 (4423, 472)
2026-08-20 20:14:49,369 INFO m1q1 enhance1 감지 0.983 -> 클릭 (4254, 523)
2026-08-20 20:14:49,906 INFO m1q2 pre_enhance1 감지 0.884 -> 클릭 (5386, 472)
2026-08-20 20:14:50,790 INFO m1q2 enhance1 감지 0.982 -> 클릭 (5217, 523)
2026-08-20 20:14:51,426 INFO m2q2 pre_enhance2 감지 0.999 -> 클릭 (3046, 716)
2026-08-20 20:14:52,352 INFO m2q2 enhance2 감지 1.000 -> 클릭 (2696, 825)
2026-08-20 20:14:52,994 INFO m1q1 pre_enhance1 감지 0.875 -> 클릭 (4423, 472)
2026-08-20 20:14:53,873 INFO m1q1 enhance1 감지 0.983 -> 클릭 (4254, 523)
2026-08-20 20:14:54,408 INFO m1q2 pre_enhance1 감지 0.885 -> 클릭 (5386, 472)
2026-08-20 20:14:55,277 INFO m1q2 enhance1 감지 0.982 -> 클릭 (5217, 523)
2026-08-20 20:14:55,903 INFO m2q1 pre_enhance2 감지 0.999 -> 클릭 (1126, 716)
2026-08-20 20:14:56,825 INFO m2q1 enhance2 감지 1.000 -> 클릭 (776, 825)
2026-08-20 20:14:57,476 INFO m1q1 pre_enhance1 감지 0.871 -> 클릭 (4423, 472)
2026-08-20 20:14:58,364 INFO m1q1 enhance1 감지 0.983 -> 클릭 (4254, 523)
2026-08-20 20:14:58,897 INFO m1q2 pre_enhance1 감지 0.885 -> 클릭 (5386, 472)
2026-08-20 20:14:59,784 INFO m1q2 enhance1 감지 0.982 -> 클릭 (5217, 523)
2026-08-20 20:15:00,411 INFO m2q2 pre_enhance2 감지 0.999 -> 클릭 (3046, 716)
2026-08-20 20:15:01,309 INFO m2q2 enhance2 감지 1.000 -> 클릭 (2696, 825)
2026-08-20 20:15:01,953 INFO m1q1 pre_enhance1 감지 0.873 -> 클릭 (4423, 472)
2026-08-20 20:15:02,834 INFO m1q1 enhance1 감지 0.983 -> 클릭 (4254, 523)
2026-08-20 20:15:03,369 INFO m1q2 pre_enhance1 감지 0.885 -> 클릭 (5386, 472)
2026-08-20 20:15:04,251 INFO m1q2 enhance1 감지 0.982 -> 클릭 (5217, 523)
2026-08-20 20:15:04,815 INFO m1q4 pre_enhance1 감지 0.820 -> 클릭 (5385, 989)
2026-08-20 20:15:05,685 INFO m1q4 enhance1 감지 0.953 -> 클릭 (5216, 1039)
2026-08-20 20:15:06,260 INFO m2q1 pre_enhance2 감지 0.999 -> 클릭 (1126, 716)
2026-08-20 20:15:07,180 INFO m2q1 enhance2 감지 1.000 -> 클릭 (776, 825)
2026-08-20 20:15:07,821 INFO m1q1 pre_enhance1 감지 0.871 -> 클릭 (4423, 472)
2026-08-20 20:15:08,690 INFO m1q1 enhance1 감지 0.983 -> 클릭 (4254, 523)
2026-08-20 20:15:09,226 INFO m1q2 pre_enhance1 감지 0.883 -> 클릭 (5386, 472)
2026-08-20 20:15:10,112 INFO m1q2 enhance1 감지 0.982 -> 클릭 (5217, 523)
2026-08-20 20:15:10,753 INFO m2q2 pre_enhance2 감지 0.999 -> 클릭 (3046, 716)
2026-08-20 20:15:11,654 INFO m2q2 enhance2 감지 1.000 -> 클릭 (2696, 825)
2026-08-20 20:15:12,295 INFO m1q1 pre_enhance1 감지 0.874 -> 클릭 (4423, 472)
2026-08-20 20:15:13,179 INFO m1q1 enhance1 감지 0.983 -> 클릭 (4254, 523)
2026-08-20 20:15:13,718 INFO m1q2 pre_enhance1 감지 0.884 -> 클릭 (5386, 472)
2026-08-20 20:15:14,584 INFO m1q2 enhance1 감지 0.982 -> 클릭 (5217, 523)
2026-08-20 20:15:15,221 INFO m2q1 pre_enhance2 감지 0.999 -> 클릭 (1126, 716)
2026-08-20 20:15:16,137 INFO m2q1 enhance2 감지 1.000 -> 클릭 (776, 825)
2026-08-20 20:15:16,785 INFO m1q1 pre_enhance1 감지 0.869 -> 클릭 (4423, 472)
2026-08-20 20:15:17,648 INFO m1q1 enhance1 감지 0.982 -> 클릭 (4254, 523)
2026-08-20 20:15:18,185 INFO m1q2 pre_enhance1 감지 0.883 -> 클릭 (5386, 472)
2026-08-20 20:15:19,069 INFO m1q2 enhance1 감지 0.982 -> 클릭 (5217, 523)
2026-08-20 20:15:19,714 INFO m2q2 pre_enhance2 감지 0.999 -> 클릭 (3046, 716)
2026-08-20 20:15:20,613 INFO m2q2 enhance2 감지 1.000 -> 클릭 (2696, 825)
2026-08-20 20:15:21,251 INFO m1q1 pre_enhance1 감지 0.870 -> 클릭 (4423, 472)
2026-08-20 20:15:22,138 INFO m1q1 enhance1 감지 0.982 -> 클릭 (4254, 523)
2026-08-20 20:15:22,669 INFO m1q2 pre_enhance1 감지 0.883 -> 클릭 (5386, 472)
2026-08-20 20:15:23,523 INFO m1q2 enhance1 감지 0.982 -> 클릭 (5217, 523)
2026-08-20 20:15:24,087 INFO m1q4 pre_enhance1 감지 0.820 -> 클릭 (5385, 989)
2026-08-20 20:15:24,958 INFO m1q4 enhance1 감지 0.953 -> 클릭 (5216, 1039)
2026-08-20 20:15:25,530 INFO m2q1 pre_enhance2 감지 0.999 -> 클릭 (1126, 716)
2026-08-20 20:15:26,430 INFO m2q1 enhance2 감지 1.000 -> 클릭 (776, 825)
2026-08-20 20:15:27,078 INFO m1q1 pre_enhance1 감지 0.869 -> 클릭 (4423, 472)
2026-08-20 20:15:27,962 INFO m1q1 enhance1 감지 0.982 -> 클릭 (4254, 523)
2026-08-20 20:15:28,492 INFO m1q2 pre_enhance1 감지 0.883 -> 클릭 (5386, 472)
2026-08-20 20:15:29,345 INFO m1q2 enhance1 감지 0.982 -> 클릭 (5217, 523)
2026-08-20 20:15:29,986 INFO m2q2 pre_enhance2 감지 0.999 -> 클릭 (3046, 716)
2026-08-20 20:15:30,908 INFO m2q2 enhance2 감지 1.000 -> 클릭 (2696, 825)
2026-08-20 20:15:31,549 INFO m1q1 pre_enhance1 감지 0.869 -> 클릭 (4423, 472)
2026-08-20 20:15:32,416 INFO m1q1 enhance1 감지 0.982 -> 클릭 (4254, 523)
2026-08-20 20:15:32,951 INFO m1q2 pre_enhance1 감지 0.883 -> 클릭 (5386, 472)
2026-08-20 20:15:33,835 INFO m1q2 enhance1 감지 0.981 -> 클릭 (5217, 523)
2026-08-20 20:15:34,472 INFO m2q1 pre_enhance2 감지 0.999 -> 클릭 (1126, 716)
2026-08-20 20:15:35,390 INFO m2q1 enhance2 감지 1.000 -> 클릭 (776, 825)
2026-08-20 20:15:36,039 INFO m1q1 pre_enhance1 감지 0.873 -> 클릭 (4423, 472)
2026-08-20 20:15:36,924 INFO m1q1 enhance1 감지 0.983 -> 클릭 (4254, 523)
2026-08-20 20:15:37,456 INFO m1q2 pre_enhance1 감지 0.883 -> 클릭 (5386, 472)
2026-08-20 20:15:38,322 INFO m1q2 enhance1 감지 0.982 -> 클릭 (5217, 523)
2026-08-20 20:15:38,964 INFO m2q2 pre_enhance2 감지 0.999 -> 클릭 (3046, 716)
2026-08-20 20:15:39,881 INFO m2q2 enhance2 감지 1.000 -> 클릭 (2696, 825)
2026-08-20 20:15:40,527 INFO m1q1 pre_enhance1 감지 0.873 -> 클릭 (4423, 472)
2026-08-20 20:15:41,393 INFO m1q1 enhance1 감지 0.983 -> 클릭 (4254, 523)
2026-08-20 20:15:41,927 INFO m1q2 pre_enhance1 감지 0.884 -> 클릭 (5386, 472)
2026-08-20 20:15:42,811 INFO m1q2 enhance1 감지 0.982 -> 클릭 (5217, 523)
2026-08-20 20:15:43,457 INFO m2q1 pre_enhance2 감지 0.999 -> 클릭 (1126, 716)
2026-08-20 20:15:44,381 INFO m2q1 enhance2 감지 1.000 -> 클릭 (776, 825)
2026-08-20 20:15:45,027 INFO m1q1 pre_enhance1 감지 0.873 -> 클릭 (4423, 472)
2026-08-20 20:15:45,913 INFO m1q1 enhance1 감지 0.983 -> 클릭 (4254, 523)
2026-08-20 20:15:46,450 INFO m1q2 pre_enhance1 감지 0.884 -> 클릭 (5386, 472)
2026-08-20 20:15:47,315 INFO m1q2 enhance1 감지 0.982 -> 클릭 (5217, 523)
2026-08-20 20:15:47,955 INFO m2q2 pre_enhance2 감지 0.999 -> 클릭 (3046, 716)
2026-08-20 20:15:48,874 INFO m2q2 enhance2 감지 1.000 -> 클릭 (2696, 825)
2026-08-20 20:15:49,520 INFO m1q1 pre_enhance1 감지 0.872 -> 클릭 (4423, 472)
2026-08-20 20:15:50,380 INFO m1q1 enhance1 감지 0.983 -> 클릭 (4254, 523)
2026-08-20 20:15:50,884 INFO m1q2 pre_enhance1 감지 0.884 -> 클릭 (5386, 472)
2026-08-20 20:15:51,770 INFO m1q2 enhance1 감지 0.982 -> 클릭 (5217, 523)
2026-08-20 20:15:52,394 INFO m2q1 pre_enhance2 감지 0.999 -> 클릭 (1126, 716)
2026-08-20 20:15:53,313 INFO m2q1 enhance2 감지 1.000 -> 클릭 (776, 825)
2026-08-20 20:15:53,958 INFO m1q1 pre_enhance1 감지 0.872 -> 클릭 (4423, 472)
2026-08-20 20:15:54,837 INFO m1q1 enhance1 감지 0.983 -> 클릭 (4254, 523)
2026-08-20 20:15:55,375 INFO m1q2 pre_enhance1 감지 0.884 -> 클릭 (5386, 472)
2026-08-20 20:15:56,240 INFO m1q2 enhance1 감지 0.982 -> 클릭 (5217, 523)
2026-08-20 20:15:56,882 INFO m2q2 pre_enhance2 감지 0.999 -> 클릭 (3046, 716)
2026-08-20 20:15:57,800 INFO m2q2 enhance2 감지 1.000 -> 클릭 (2696, 825)
2026-08-20 20:15:58,447 INFO m1q1 pre_enhance1 감지 0.871 -> 클릭 (4423, 472)
2026-08-20 20:15:59,328 INFO m1q1 enhance1 감지 0.983 -> 클릭 (4254, 523)
2026-08-20 20:15:59,862 INFO m1q2 pre_enhance1 감지 0.884 -> 클릭 (5386, 472)
2026-08-20 20:16:00,747 INFO m1q2 enhance1 감지 0.982 -> 클릭 (5217, 523)
2026-08-20 20:16:01,386 INFO m2q1 pre_enhance2 감지 0.999 -> 클릭 (1126, 716)
2026-08-20 20:16:02,306 INFO m2q1 enhance2 감지 1.000 -> 클릭 (776, 825)
2026-08-20 20:16:02,952 INFO m1q1 pre_enhance1 감지 0.872 -> 클릭 (4423, 472)
2026-08-20 20:16:03,832 INFO m1q1 enhance1 감지 0.983 -> 클릭 (4254, 523)
2026-08-20 20:16:04,367 INFO m1q2 pre_enhance1 감지 0.883 -> 클릭 (5386, 472)
2026-08-20 20:16:05,251 INFO m1q2 enhance1 감지 0.982 -> 클릭 (5217, 523)
2026-08-20 20:16:05,892 INFO m2q2 pre_enhance2 감지 0.999 -> 클릭 (3046, 716)
2026-08-20 20:16:06,807 INFO m2q2 enhance2 감지 1.000 -> 클릭 (2696, 825)
2026-08-20 20:16:07,454 INFO m1q1 pre_enhance1 감지 0.874 -> 클릭 (4423, 472)
2026-08-20 20:16:08,340 INFO m1q1 enhance1 감지 0.983 -> 클릭 (4254, 523)
2026-08-20 20:16:08,870 INFO m1q2 pre_enhance1 감지 0.883 -> 클릭 (5386, 472)
2026-08-20 20:16:09,755 INFO m1q2 enhance1 감지 0.982 -> 클릭 (5217, 523)
2026-08-20 20:16:10,391 INFO m2q1 pre_enhance2 감지 0.999 -> 클릭 (1126, 716)
2026-08-20 20:16:11,312 INFO m2q1 enhance2 감지 1.000 -> 클릭 (776, 825)
2026-08-20 20:16:11,956 INFO m1q1 pre_enhance1 감지 0.873 -> 클릭 (4423, 472)
2026-08-20 20:16:12,844 INFO m1q1 enhance1 감지 0.983 -> 클릭 (4254, 523)
2026-08-20 20:16:13,377 INFO m1q2 pre_enhance1 감지 0.883 -> 클릭 (5386, 472)
2026-08-20 20:16:14,260 INFO m1q2 enhance1 감지 0.982 -> 클릭 (5217, 523)
2026-08-20 20:16:14,898 INFO m2q2 pre_enhance2 감지 0.999 -> 클릭 (3046, 716)
2026-08-20 20:16:15,821 INFO m2q2 enhance2 감지 1.000 -> 클릭 (2696, 825)
2026-08-20 20:16:16,463 INFO m1q1 pre_enhance1 감지 0.875 -> 클릭 (4423, 472)
2026-08-20 20:16:17,344 INFO m1q1 enhance1 감지 0.982 -> 클릭 (4254, 523)
2026-08-20 20:16:17,881 INFO m1q2 pre_enhance1 감지 0.884 -> 클릭 (5386, 472)
2026-08-20 20:16:18,764 INFO m1q2 enhance1 감지 0.982 -> 클릭 (5217, 523)
2026-08-20 20:16:19,398 INFO m2q1 pre_enhance2 감지 0.999 -> 클릭 (1126, 716)
2026-08-20 20:16:20,323 INFO m2q1 enhance2 감지 1.000 -> 클릭 (776, 825)
2026-08-20 20:16:20,966 INFO m1q1 pre_enhance1 감지 0.874 -> 클릭 (4423, 472)
2026-08-20 20:16:21,849 INFO m1q1 enhance1 감지 0.982 -> 클릭 (4254, 523)
2026-08-20 20:16:22,387 INFO m1q2 pre_enhance1 감지 0.884 -> 클릭 (5386, 472)
2026-08-20 20:16:23,269 INFO m1q2 enhance1 감지 0.982 -> 클릭 (5217, 523)
2026-08-20 20:16:23,837 INFO m1q4 pre_enhance1 감지 0.820 -> 클릭 (5385, 989)
2026-08-20 20:16:24,703 INFO m1q4 enhance1 감지 0.953 -> 클릭 (5216, 1039)
2026-08-20 20:16:25,277 INFO m2q2 pre_enhance2 감지 0.999 -> 클릭 (3046, 716)
2026-08-20 20:16:26,195 INFO m2q2 enhance2 감지 1.000 -> 클릭 (2696, 825)
2026-08-20 20:16:26,843 INFO m1q1 pre_enhance1 감지 0.874 -> 클릭 (4423, 472)
2026-08-20 20:16:27,706 INFO m1q1 enhance1 감지 0.982 -> 클릭 (4254, 523)
2026-08-20 20:16:28,239 INFO m1q2 pre_enhance1 감지 0.885 -> 클릭 (5386, 472)
2026-08-20 20:16:29,122 INFO m1q2 enhance1 감지 0.982 -> 클릭 (5217, 523)
2026-08-20 20:16:29,767 INFO m2q1 pre_enhance2 감지 0.999 -> 클릭 (1126, 716)
2026-08-20 20:16:30,671 INFO m2q1 enhance2 감지 1.000 -> 클릭 (776, 825)
2026-08-20 20:16:31,311 INFO m1q1 pre_enhance1 감지 0.874 -> 클릭 (4423, 472)
2026-08-20 20:16:32,192 INFO m1q1 enhance1 감지 0.982 -> 클릭 (4254, 523)
2026-08-20 20:16:32,728 INFO m1q2 pre_enhance1 감지 0.884 -> 클릭 (5386, 472)
2026-08-20 20:16:33,599 INFO m1q2 enhance1 감지 0.982 -> 클릭 (5217, 523)
2026-08-20 20:16:34,246 INFO m2q2 pre_enhance2 감지 0.999 -> 클릭 (3046, 716)
2026-08-20 20:16:35,175 INFO m2q2 enhance2 감지 1.000 -> 클릭 (2696, 825)
2026-08-20 20:16:35,813 INFO m1q1 pre_enhance1 감지 0.873 -> 클릭 (4423, 472)
2026-08-20 20:16:36,682 INFO m1q1 enhance1 감지 0.983 -> 클릭 (4254, 523)
2026-08-20 20:16:37,213 INFO m1q2 pre_enhance1 감지 0.884 -> 클릭 (5386, 472)
2026-08-20 20:16:38,084 INFO m1q2 enhance1 감지 0.982 -> 클릭 (5217, 523)
2026-08-20 20:16:38,710 INFO m2q1 pre_enhance2 감지 0.999 -> 클릭 (1126, 716)
2026-08-20 20:16:39,612 INFO m2q1 enhance2 감지 1.000 -> 클릭 (776, 825)
2026-08-20 20:16:40,253 INFO m1q1 pre_enhance1 감지 0.873 -> 클릭 (4423, 472)
2026-08-20 20:16:41,138 INFO m1q1 enhance1 감지 0.983 -> 클릭 (4254, 523)
2026-08-20 20:16:41,672 INFO m1q2 pre_enhance1 감지 0.883 -> 클릭 (5386, 472)
2026-08-20 20:16:42,541 INFO m1q2 enhance1 감지 0.982 -> 클릭 (5217, 523)
2026-08-20 20:16:43,179 INFO m2q2 pre_enhance2 감지 0.999 -> 클릭 (3046, 716)
2026-08-20 20:16:44,094 INFO m2q2 enhance2 감지 1.000 -> 클릭 (2696, 825)
2026-08-20 20:16:44,743 INFO m1q1 pre_enhance1 감지 0.874 -> 클릭 (4423, 472)
2026-08-20 20:16:45,606 INFO m1q1 enhance1 감지 0.983 -> 클릭 (4254, 523)
2026-08-20 20:16:46,122 INFO m1q2 pre_enhance1 감지 0.884 -> 클릭 (5386, 472)
2026-08-20 20:16:46,991 INFO m1q2 enhance1 감지 0.982 -> 클릭 (5217, 523)
2026-08-20 20:16:47,647 INFO m2q1 pre_enhance2 감지 0.999 -> 클릭 (1126, 716)
2026-08-20 20:16:48,556 INFO m2q1 enhance2 감지 1.000 -> 클릭 (776, 825)
2026-08-20 20:16:49,199 INFO m1q1 pre_enhance1 감지 0.872 -> 클릭 (4423, 472)
2026-08-20 20:16:50,082 INFO m1q1 enhance1 감지 0.983 -> 클릭 (4254, 523)
2026-08-20 20:16:50,616 INFO m1q2 pre_enhance1 감지 0.883 -> 클릭 (5386, 472)
2026-08-20 20:16:51,484 INFO m1q2 enhance1 감지 0.981 -> 클릭 (5217, 523)
2026-08-20 20:16:52,122 INFO m2q2 pre_enhance2 감지 0.999 -> 클릭 (3046, 716)
2026-08-20 20:16:53,048 INFO m2q2 enhance2 감지 1.000 -> 클릭 (2696, 825)
2026-08-20 20:16:53,703 INFO m1q1 pre_enhance1 감지 0.872 -> 클릭 (4423, 472)
2026-08-20 20:16:54,570 INFO m1q1 enhance1 감지 0.983 -> 클릭 (4254, 523)
2026-08-20 20:16:55,105 INFO m1q2 pre_enhance1 감지 0.883 -> 클릭 (5386, 472)
2026-08-20 20:16:55,983 INFO m1q2 enhance1 감지 0.981 -> 클릭 (5217, 523)
2026-08-20 20:16:56,611 INFO m2q1 pre_enhance2 감지 0.999 -> 클릭 (1126, 716)
2026-08-20 20:16:57,521 INFO m2q1 enhance2 감지 1.000 -> 클릭 (776, 825)
2026-08-20 20:16:58,174 INFO m1q1 pre_enhance1 감지 0.868 -> 클릭 (4423, 472)
2026-08-20 20:16:59,058 INFO m1q1 enhance1 감지 0.983 -> 클릭 (4254, 523)
2026-08-20 20:16:59,588 INFO m1q2 pre_enhance1 감지 0.883 -> 클릭 (5386, 472)
2026-08-20 20:17:00,458 INFO m1q2 enhance1 감지 0.981 -> 클릭 (5217, 523)
2026-08-20 20:17:01,099 INFO m2q2 pre_enhance2 감지 0.999 -> 클릭 (3046, 716)
2026-08-20 20:17:02,017 INFO m2q2 enhance2 감지 1.000 -> 클릭 (2696, 825)
2026-08-20 20:17:02,660 INFO m1q1 pre_enhance1 감지 0.868 -> 클릭 (4423, 472)
2026-08-20 20:17:03,528 INFO m1q1 enhance1 감지 0.983 -> 클릭 (4254, 523)
2026-08-20 20:17:04,062 INFO m1q2 pre_enhance1 감지 0.884 -> 클릭 (5386, 472)
2026-08-20 20:17:04,944 INFO m1q2 enhance1 감지 0.982 -> 클릭 (5217, 523)
2026-08-20 20:17:05,584 INFO m2q1 pre_enhance2 감지 0.999 -> 클릭 (1126, 716)
2026-08-20 20:17:06,485 INFO m2q1 enhance2 감지 1.000 -> 클릭 (776, 825)
2026-08-20 20:17:07,136 INFO m1q1 pre_enhance1 감지 0.870 -> 클릭 (4423, 472)
2026-08-20 20:17:08,017 INFO m1q1 enhance1 감지 0.983 -> 클릭 (4254, 523)
2026-08-20 20:17:08,552 INFO m1q2 pre_enhance1 감지 0.884 -> 클릭 (5386, 472)
2026-08-20 20:17:09,420 INFO m1q2 enhance1 감지 0.981 -> 클릭 (5217, 523)
2026-08-20 20:17:10,059 INFO m2q2 pre_enhance2 감지 0.999 -> 클릭 (3046, 716)
2026-08-20 20:17:10,974 INFO m2q2 enhance2 감지 1.000 -> 클릭 (2696, 825)
2026-08-20 20:17:11,623 INFO m1q1 pre_enhance1 감지 0.871 -> 클릭 (4423, 472)
2026-08-20 20:17:12,494 INFO m1q1 enhance1 감지 0.983 -> 클릭 (4254, 523)
2026-08-20 20:17:13,024 INFO m1q2 pre_enhance1 감지 0.884 -> 클릭 (5386, 472)
2026-08-20 20:17:13,906 INFO m1q2 enhance1 감지 0.982 -> 클릭 (5217, 523)
2026-08-20 20:17:14,542 INFO m2q1 pre_enhance2 감지 0.999 -> 클릭 (1126, 716)
2026-08-20 20:17:15,451 INFO m2q1 enhance2 감지 1.000 -> 클릭 (776, 825)
2026-08-20 20:17:16,094 INFO m1q1 pre_enhance1 감지 0.871 -> 클릭 (4423, 472)
2026-08-20 20:17:16,979 INFO m1q1 enhance1 감지 0.983 -> 클릭 (4254, 523)
2026-08-20 20:17:17,510 INFO m1q2 pre_enhance1 감지 0.883 -> 클릭 (5386, 472)
2026-08-20 20:17:18,379 INFO m1q2 enhance1 감지 0.982 -> 클릭 (5217, 523)
2026-08-20 20:17:19,018 INFO m2q2 pre_enhance2 감지 0.999 -> 클릭 (3046, 716)
2026-08-20 20:17:19,928 INFO m2q2 enhance2 감지 1.000 -> 클릭 (2696, 825)
2026-08-20 20:17:20,585 INFO m1q1 pre_enhance1 감지 0.871 -> 클릭 (4423, 472)
2026-08-20 20:17:21,450 INFO m1q1 enhance1 감지 0.983 -> 클릭 (4254, 523)
2026-08-20 20:17:21,982 INFO m1q2 pre_enhance1 감지 0.884 -> 클릭 (5386, 472)
2026-08-20 20:17:22,863 INFO m1q2 enhance1 감지 0.982 -> 클릭 (5217, 523)
2026-08-20 20:17:23,490 INFO m2q1 pre_enhance2 감지 0.999 -> 클릭 (1126, 716)
2026-08-20 20:17:24,394 INFO m2q1 enhance2 감지 1.000 -> 클릭 (776, 825)
2026-08-20 20:17:25,037 INFO m1q1 pre_enhance1 감지 0.873 -> 클릭 (4423, 472)
2026-08-20 20:17:25,922 INFO m1q1 enhance1 감지 0.983 -> 클릭 (4254, 523)
2026-08-20 20:17:26,456 INFO m1q2 pre_enhance1 감지 0.884 -> 클릭 (5386, 472)
2026-08-20 20:17:27,321 INFO m1q2 enhance1 감지 0.982 -> 클릭 (5217, 523)
2026-08-20 20:17:27,966 INFO m2q2 pre_enhance2 감지 0.999 -> 클릭 (3046, 716)
2026-08-20 20:17:28,880 INFO m2q2 enhance2 감지 1.000 -> 클릭 (2696, 825)
2026-08-20 20:17:29,525 INFO m1q1 pre_enhance1 감지 0.872 -> 클릭 (4423, 472)
2026-08-20 20:17:30,392 INFO m1q1 enhance1 감지 0.983 -> 클릭 (4254, 523)
2026-08-20 20:17:30,923 INFO m1q2 pre_enhance1 감지 0.884 -> 클릭 (5386, 472)
2026-08-20 20:17:31,805 INFO m1q2 enhance1 감지 0.982 -> 클릭 (5217, 523)
2026-08-20 20:17:32,434 INFO m2q1 pre_enhance2 감지 0.999 -> 클릭 (1126, 716)
2026-08-20 20:17:33,354 INFO m2q1 enhance2 감지 1.000 -> 클릭 (776, 825)
2026-08-20 20:17:33,995 INFO m1q1 pre_enhance1 감지 0.873 -> 클릭 (4423, 472)
2026-08-20 20:17:34,878 INFO m1q1 enhance1 감지 0.982 -> 클릭 (4254, 523)
2026-08-20 20:17:35,408 INFO m1q2 pre_enhance1 감지 0.883 -> 클릭 (5386, 472)
2026-08-20 20:17:36,292 INFO m1q2 enhance1 감지 0.982 -> 클릭 (5217, 523)
2026-08-20 20:17:36,906 INFO m2q2 pre_enhance2 감지 0.999 -> 클릭 (3046, 716)
2026-08-20 20:17:37,825 INFO m2q2 enhance2 감지 1.000 -> 클릭 (2696, 825)
2026-08-20 20:17:38,464 INFO m1q1 pre_enhance1 감지 0.873 -> 클릭 (4423, 472)
2026-08-20 20:17:39,348 INFO m1q1 enhance1 감지 0.983 -> 클릭 (4254, 523)
2026-08-20 20:17:39,886 INFO m1q2 pre_enhance1 감지 0.883 -> 클릭 (5386, 472)
2026-08-20 20:17:40,765 INFO m1q2 enhance1 감지 0.982 -> 클릭 (5217, 523)
2026-08-20 20:17:41,407 INFO m2q1 pre_enhance2 감지 0.999 -> 클릭 (1126, 716)
2026-08-20 20:17:42,330 INFO m2q1 enhance2 감지 1.000 -> 클릭 (776, 825)
2026-08-20 20:17:42,973 INFO m1q1 pre_enhance1 감지 0.873 -> 클릭 (4423, 472)
2026-08-20 20:17:43,857 INFO m1q1 enhance1 감지 0.983 -> 클릭 (4254, 523)
2026-08-20 20:17:44,388 INFO m1q2 pre_enhance1 감지 0.882 -> 클릭 (5386, 472)
2026-08-20 20:17:45,270 INFO m1q2 enhance1 감지 0.982 -> 클릭 (5217, 523)
2026-08-20 20:17:45,894 INFO m2q2 pre_enhance2 감지 0.999 -> 클릭 (3046, 716)
2026-08-20 20:17:46,817 INFO m2q2 enhance2 감지 1.000 -> 클릭 (2696, 825)
2026-08-20 20:17:47,462 INFO m1q1 pre_enhance1 감지 0.872 -> 클릭 (4423, 472)
2026-08-20 20:17:48,345 INFO m1q1 enhance1 감지 0.983 -> 클릭 (4254, 523)
2026-08-20 20:17:48,875 INFO m1q2 pre_enhance1 감지 0.883 -> 클릭 (5386, 472)
2026-08-20 20:17:49,760 INFO m1q2 enhance1 감지 0.982 -> 클릭 (5217, 523)
2026-08-20 20:17:50,400 INFO m2q1 pre_enhance2 감지 0.999 -> 클릭 (1126, 716)
2026-08-20 20:17:51,327 INFO m2q1 enhance2 감지 1.000 -> 클릭 (776, 825)
2026-08-20 20:17:51,984 INFO m1q1 pre_enhance1 감지 0.874 -> 클릭 (4423, 472)
2026-08-20 20:17:52,865 INFO m1q1 enhance1 감지 0.983 -> 클릭 (4254, 523)
2026-08-20 20:17:53,401 INFO m1q2 pre_enhance1 감지 0.883 -> 클릭 (5386, 472)
2026-08-20 20:17:54,265 INFO m1q2 enhance1 감지 0.982 -> 클릭 (5217, 523)
2026-08-20 20:17:54,907 INFO m2q2 pre_enhance2 감지 0.999 -> 클릭 (3046, 716)
2026-08-20 20:17:55,830 INFO m2q2 enhance2 감지 1.000 -> 클릭 (2696, 825)
2026-08-20 20:17:56,490 INFO m1q1 pre_enhance1 감지 0.868 -> 클릭 (4423, 472)
2026-08-20 20:17:57,369 INFO m1q1 enhance1 감지 0.983 -> 클릭 (4254, 523)
2026-08-20 20:17:57,903 INFO m1q2 pre_enhance1 감지 0.884 -> 클릭 (5386, 472)
2026-08-20 20:17:58,785 INFO m1q2 enhance1 감지 0.982 -> 클릭 (5217, 523)
2026-08-20 20:17:59,431 INFO m2q1 pre_enhance2 감지 0.999 -> 클릭 (1126, 716)
2026-08-20 20:18:00,348 INFO m2q1 enhance2 감지 1.000 -> 클릭 (776, 825)
2026-08-20 20:18:00,990 INFO m1q1 pre_enhance1 감지 0.871 -> 클릭 (4423, 472)
2026-08-20 20:18:01,874 INFO m1q1 enhance1 감지 0.983 -> 클릭 (4254, 523)
2026-08-20 20:18:02,407 INFO m1q2 pre_enhance1 감지 0.883 -> 클릭 (5386, 472)
2026-08-20 20:18:03,271 INFO m1q2 enhance1 감지 0.981 -> 클릭 (5217, 523)
2026-08-20 20:18:03,908 INFO m2q2 pre_enhance2 감지 0.999 -> 클릭 (3046, 716)
2026-08-20 20:18:04,839 INFO m2q2 enhance2 감지 1.000 -> 클릭 (2696, 825)
2026-08-20 20:18:05,479 INFO m1q1 pre_enhance1 감지 0.870 -> 클릭 (4423, 472)
2026-08-20 20:18:06,361 INFO m1q1 enhance1 감지 0.983 -> 클릭 (4254, 523)
2026-08-20 20:18:06,894 INFO m1q2 pre_enhance1 감지 0.884 -> 클릭 (5386, 472)
2026-08-20 20:18:07,777 INFO m1q2 enhance1 감지 0.982 -> 클릭 (5217, 523)
2026-08-20 20:18:08,425 INFO m2q1 pre_enhance2 감지 0.999 -> 클릭 (1126, 716)
2026-08-20 20:18:09,347 INFO m2q1 enhance2 감지 1.000 -> 클릭 (776, 825)
2026-08-20 20:18:10,000 INFO m1q1 pre_enhance1 감지 0.870 -> 클릭 (4423, 472)
2026-08-20 20:18:10,879 INFO m1q1 enhance1 감지 0.983 -> 클릭 (4254, 523)
2026-08-20 20:18:11,398 INFO m1q2 pre_enhance1 감지 0.884 -> 클릭 (5386, 472)
2026-08-20 20:18:12,285 INFO m1q2 enhance1 감지 0.982 -> 클릭 (5217, 523)
2026-08-20 20:18:12,917 INFO m2q2 pre_enhance2 감지 0.999 -> 클릭 (3046, 716)
2026-08-20 20:18:13,842 INFO m2q2 enhance2 감지 1.000 -> 클릭 (2696, 825)
2026-08-20 20:18:14,490 INFO m1q1 pre_enhance1 감지 0.870 -> 클릭 (4423, 472)
2026-08-20 20:18:15,371 INFO m1q1 enhance1 감지 0.982 -> 클릭 (4254, 523)
2026-08-20 20:18:15,907 INFO m1q2 pre_enhance1 감지 0.883 -> 클릭 (5386, 472)
2026-08-20 20:18:16,786 INFO m1q2 enhance1 감지 0.982 -> 클릭 (5217, 523)
2026-08-20 20:18:17,431 INFO m2q1 pre_enhance2 감지 0.999 -> 클릭 (1126, 716)
2026-08-20 20:18:18,353 INFO m2q1 enhance2 감지 1.000 -> 클릭 (776, 825)
2026-08-20 20:18:18,997 INFO m1q1 pre_enhance1 감지 0.872 -> 클릭 (4423, 472)
2026-08-20 20:18:19,877 INFO m1q1 enhance1 감지 0.983 -> 클릭 (4254, 523)
2026-08-20 20:18:20,412 INFO m1q2 pre_enhance1 감지 0.884 -> 클릭 (5386, 472)
2026-08-20 20:18:21,275 INFO m1q2 enhance1 감지 0.981 -> 클릭 (5217, 523)
2026-08-20 20:18:21,921 INFO m2q2 pre_enhance2 감지 0.999 -> 클릭 (3046, 716)
2026-08-20 20:18:22,839 INFO m2q2 enhance2 감지 1.000 -> 클릭 (2696, 825)
2026-08-20 20:18:23,486 INFO m1q1 pre_enhance1 감지 0.872 -> 클릭 (4423, 472)
2026-08-20 20:18:24,366 INFO m1q1 enhance1 감지 0.983 -> 클릭 (4254, 523)
2026-08-20 20:18:24,898 INFO m1q2 pre_enhance1 감지 0.883 -> 클릭 (5386, 472)
2026-08-20 20:18:25,783 INFO m1q2 enhance1 감지 0.981 -> 클릭 (5217, 523)
2026-08-20 20:18:26,428 INFO m2q1 pre_enhance2 감지 0.999 -> 클릭 (1126, 716)
2026-08-20 20:18:27,345 INFO m2q1 enhance2 감지 1.000 -> 클릭 (776, 825)
2026-08-20 20:18:27,991 INFO m1q1 pre_enhance1 감지 0.872 -> 클릭 (4423, 472)
2026-08-20 20:18:28,865 INFO m1q1 enhance1 감지 0.983 -> 클릭 (4254, 523)
2026-08-20 20:18:29,388 INFO m1q2 pre_enhance1 감지 0.884 -> 클릭 (5386, 472)
2026-08-20 20:18:30,267 INFO m1q2 enhance1 감지 0.981 -> 클릭 (5217, 523)
2026-08-20 20:18:30,911 INFO m2q2 pre_enhance2 감지 0.999 -> 클릭 (3046, 716)
2026-08-20 20:18:31,833 INFO m2q2 enhance2 감지 1.000 -> 클릭 (2696, 825)
2026-08-20 20:18:32,473 INFO m1q1 pre_enhance1 감지 0.872 -> 클릭 (4423, 472)
2026-08-20 20:18:33,360 INFO m1q1 enhance1 감지 0.983 -> 클릭 (4254, 523)
2026-08-20 20:18:33,898 INFO m1q2 pre_enhance1 감지 0.884 -> 클릭 (5386, 472)
2026-08-20 20:18:34,772 INFO m1q2 enhance1 감지 0.981 -> 클릭 (5217, 523)
2026-08-20 20:18:35,423 INFO m2q1 pre_enhance2 감지 0.999 -> 클릭 (1126, 716)
2026-08-20 20:18:36,359 INFO m2q1 enhance2 감지 1.000 -> 클릭 (776, 825)
2026-08-20 20:18:37,012 INFO m1q1 pre_enhance1 감지 0.878 -> 클릭 (4423, 472)
2026-08-20 20:18:37,900 INFO m1q1 enhance1 감지 0.982 -> 클릭 (4254, 523)
2026-08-20 20:18:38,440 INFO m1q2 pre_enhance1 감지 0.884 -> 클릭 (5386, 472)
2026-08-20 20:18:39,302 INFO m1q2 enhance1 감지 0.981 -> 클릭 (5217, 523)
2026-08-20 20:18:39,947 INFO m2q2 pre_enhance2 감지 0.999 -> 클릭 (3046, 716)
2026-08-20 20:18:40,880 INFO m2q2 enhance2 감지 1.000 -> 클릭 (2696, 825)
2026-08-20 20:18:41,538 INFO m1q1 pre_enhance1 감지 0.878 -> 클릭 (4423, 472)
2026-08-20 20:18:42,415 INFO m1q1 enhance1 감지 0.982 -> 클릭 (4254, 523)
2026-08-20 20:18:42,950 INFO m1q2 pre_enhance1 감지 0.883 -> 클릭 (5386, 472)
2026-08-20 20:18:43,830 INFO m1q2 enhance1 감지 0.981 -> 클릭 (5217, 523)
2026-08-20 20:18:44,445 INFO m2q1 pre_enhance2 감지 0.999 -> 클릭 (1126, 716)
2026-08-20 20:18:45,363 INFO m2q1 enhance2 감지 1.000 -> 클릭 (776, 825)
2026-08-20 20:18:46,007 INFO m1q1 pre_enhance1 감지 0.878 -> 클릭 (4423, 472)
2026-08-20 20:18:46,890 INFO m1q1 enhance1 감지 0.982 -> 클릭 (4254, 523)
2026-08-20 20:18:47,421 INFO m1q2 pre_enhance1 감지 0.883 -> 클릭 (5386, 472)
2026-08-20 20:18:48,292 INFO m1q2 enhance1 감지 0.981 -> 클릭 (5217, 523)
2026-08-20 20:18:48,935 INFO m2q2 pre_enhance2 감지 0.999 -> 클릭 (3046, 716)
2026-08-20 20:18:49,849 INFO m2q2 enhance2 감지 1.000 -> 클릭 (2696, 825)
2026-08-20 20:18:50,495 INFO m1q1 pre_enhance1 감지 0.878 -> 클릭 (4423, 472)
2026-08-20 20:18:51,377 INFO m1q1 enhance1 감지 0.982 -> 클릭 (4254, 523)
2026-08-20 20:18:51,908 INFO m1q2 pre_enhance1 감지 0.883 -> 클릭 (5386, 472)
2026-08-20 20:18:52,794 INFO m1q2 enhance1 감지 0.982 -> 클릭 (5217, 523)
2026-08-20 20:18:53,440 INFO m2q1 pre_enhance2 감지 0.999 -> 클릭 (1126, 716)
2026-08-20 20:18:54,351 INFO m2q1 enhance2 감지 1.000 -> 클릭 (776, 825)
2026-08-20 20:18:54,997 INFO m1q1 pre_enhance1 감지 0.878 -> 클릭 (4423, 472)
2026-08-20 20:18:55,881 INFO m1q1 enhance1 감지 0.983 -> 클릭 (4254, 523)
2026-08-20 20:18:56,417 INFO m1q2 pre_enhance1 감지 0.884 -> 클릭 (5386, 472)
2026-08-20 20:18:57,283 INFO m1q2 enhance1 감지 0.981 -> 클릭 (5217, 523)
2026-08-20 20:18:57,926 INFO m2q2 pre_enhance2 감지 0.999 -> 클릭 (3046, 716)
2026-08-20 20:18:58,843 INFO m2q2 enhance2 감지 1.000 -> 클릭 (2696, 825)
2026-08-20 20:18:59,485 INFO m1q1 pre_enhance1 감지 0.872 -> 클릭 (4423, 472)
2026-08-20 20:19:00,369 INFO m1q1 enhance1 감지 0.983 -> 클릭 (4254, 523)
2026-08-20 20:19:00,901 INFO m1q2 pre_enhance1 감지 0.883 -> 클릭 (5386, 472)
2026-08-20 20:19:01,784 INFO m1q2 enhance1 감지 0.982 -> 클릭 (5217, 523)
2026-08-20 20:19:02,426 INFO m2q1 pre_enhance2 감지 0.999 -> 클릭 (1126, 716)
2026-08-20 20:19:03,347 INFO m2q1 enhance2 감지 1.000 -> 클릭 (776, 825)
2026-08-20 20:19:03,997 INFO m1q1 pre_enhance1 감지 0.872 -> 클릭 (4423, 472)
2026-08-20 20:19:04,874 INFO m1q1 enhance1 감지 0.983 -> 클릭 (4254, 523)
2026-08-20 20:19:05,406 INFO m1q2 pre_enhance1 감지 0.884 -> 클릭 (5386, 472)
2026-08-20 20:19:06,294 INFO m1q2 enhance1 감지 0.982 -> 클릭 (5217, 523)
2026-08-20 20:19:06,936 INFO m2q2 pre_enhance2 감지 0.999 -> 클릭 (3046, 716)
2026-08-20 20:19:07,854 INFO m2q2 enhance2 감지 1.000 -> 클릭 (2696, 825)
2026-08-20 20:19:08,495 INFO m1q1 pre_enhance1 감지 0.873 -> 클릭 (4423, 472)
2026-08-20 20:19:09,380 INFO m1q1 enhance1 감지 0.983 -> 클릭 (4254, 523)
2026-08-20 20:19:09,915 INFO m1q2 pre_enhance1 감지 0.884 -> 클릭 (5386, 472)
2026-08-20 20:19:10,796 INFO m1q2 enhance1 감지 0.982 -> 클릭 (5217, 523)
2026-08-20 20:19:11,444 INFO m2q1 pre_enhance2 감지 0.999 -> 클릭 (1126, 716)
2026-08-20 20:19:12,372 INFO m2q1 enhance2 감지 1.000 -> 클릭 (776, 825)
2026-08-20 20:19:13,021 INFO m1q1 pre_enhance1 감지 0.875 -> 클릭 (4423, 472)
2026-08-20 20:19:13,899 INFO m1q1 enhance1 감지 0.983 -> 클릭 (4254, 523)
2026-08-20 20:19:14,434 INFO m1q2 pre_enhance1 감지 0.883 -> 클릭 (5386, 472)
2026-08-20 20:19:15,301 INFO m1q2 enhance1 감지 0.982 -> 클릭 (5217, 523)
2026-08-20 20:19:15,924 INFO m2q2 pre_enhance2 감지 0.999 -> 클릭 (3046, 716)
2026-08-20 20:19:16,838 INFO m2q2 enhance2 감지 1.000 -> 클릭 (2696, 825)
2026-08-20 20:19:17,488 INFO m1q1 pre_enhance1 감지 0.871 -> 클릭 (4423, 472)
2026-08-20 20:19:18,369 INFO m1q1 enhance1 감지 0.982 -> 클릭 (4254, 523)
2026-08-20 20:19:18,901 INFO m1q2 pre_enhance1 감지 0.883 -> 클릭 (5386, 472)
2026-08-20 20:19:19,787 INFO m1q2 enhance1 감지 0.982 -> 클릭 (5217, 523)
2026-08-20 20:19:20,413 INFO m2q1 pre_enhance2 감지 0.999 -> 클릭 (1126, 716)
2026-08-20 20:19:21,335 INFO m2q1 enhance2 감지 1.000 -> 클릭 (776, 825)
2026-08-20 20:19:21,971 INFO m1q1 pre_enhance1 감지 0.875 -> 클릭 (4423, 472)
2026-08-20 20:19:22,857 INFO m1q1 enhance1 감지 0.982 -> 클릭 (4254, 523)
2026-08-20 20:19:23,392 INFO m1q2 pre_enhance1 감지 0.884 -> 클릭 (5386, 472)
2026-08-20 20:19:24,277 INFO m1q2 enhance1 감지 0.982 -> 클릭 (5217, 523)
2026-08-20 20:19:24,901 INFO m2q2 pre_enhance2 감지 0.999 -> 클릭 (3046, 716)
2026-08-20 20:19:25,822 INFO m2q2 enhance2 감지 1.000 -> 클릭 (2696, 825)
2026-08-20 20:19:26,463 INFO m1q1 pre_enhance1 감지 0.875 -> 클릭 (4423, 472)
2026-08-20 20:19:27,348 INFO m1q1 enhance1 감지 0.983 -> 클릭 (4254, 523)
2026-08-20 20:19:27,883 INFO m1q2 pre_enhance1 감지 0.884 -> 클릭 (5386, 472)
2026-08-20 20:19:28,762 INFO m1q2 enhance1 감지 0.982 -> 클릭 (5217, 523)
2026-08-20 20:19:29,382 INFO m2q1 pre_enhance2 감지 0.999 -> 클릭 (1126, 716)
2026-08-20 20:19:30,308 INFO m2q1 enhance2 감지 1.000 -> 클릭 (776, 825)
2026-08-20 20:19:30,954 INFO m1q1 pre_enhance1 감지 0.874 -> 클릭 (4423, 472)
2026-08-20 20:19:31,838 INFO m1q1 enhance1 감지 0.983 -> 클릭 (4254, 523)
2026-08-20 20:19:32,369 INFO m1q2 pre_enhance1 감지 0.884 -> 클릭 (5386, 472)
2026-08-20 20:19:33,253 INFO m1q2 enhance1 감지 0.982 -> 클릭 (5217, 523)
2026-08-20 20:19:33,886 INFO m2q2 pre_enhance2 감지 0.999 -> 클릭 (3046, 716)
2026-08-20 20:19:34,811 INFO m2q2 enhance2 감지 1.000 -> 클릭 (2696, 825)
2026-08-20 20:19:35,453 INFO m1q1 pre_enhance1 감지 0.879 -> 클릭 (4423, 472)
2026-08-20 20:19:36,342 INFO m1q1 enhance1 감지 0.982 -> 클릭 (4254, 523)
2026-08-20 20:19:36,876 INFO m1q2 pre_enhance1 감지 0.883 -> 클릭 (5386, 472)
2026-08-20 20:19:37,738 INFO m1q2 enhance1 감지 0.982 -> 클릭 (5217, 523)
2026-08-20 20:19:38,381 INFO m2q1 pre_enhance2 감지 0.999 -> 클릭 (1126, 716)
2026-08-20 20:19:39,301 INFO m2q1 enhance2 감지 1.000 -> 클릭 (776, 825)
2026-08-20 20:19:39,948 INFO m1q1 pre_enhance1 감지 0.877 -> 클릭 (4423, 472)
2026-08-20 20:19:40,826 INFO m1q1 enhance1 감지 0.982 -> 클릭 (4254, 523)
2026-08-20 20:19:41,368 INFO m1q2 pre_enhance1 감지 0.883 -> 클릭 (5386, 472)
2026-08-20 20:19:42,242 INFO m1q2 enhance1 감지 0.982 -> 클릭 (5217, 523)
2026-08-20 20:19:42,867 INFO m2q2 pre_enhance2 감지 0.999 -> 클릭 (3046, 716)
2026-08-20 20:19:43,773 INFO m2q2 enhance2 감지 1.000 -> 클릭 (2696, 825)
2026-08-20 20:19:44,411 INFO m1q1 pre_enhance1 감지 0.877 -> 클릭 (4423, 472)
2026-08-20 20:19:45,302 INFO m1q1 enhance1 감지 0.982 -> 클릭 (4254, 523)
2026-08-20 20:19:45,832 INFO m1q2 pre_enhance1 감지 0.884 -> 클릭 (5386, 472)
2026-08-20 20:19:46,700 INFO m1q2 enhance1 감지 0.982 -> 클릭 (5217, 523)
2026-08-20 20:19:47,339 INFO m2q1 pre_enhance2 감지 0.999 -> 클릭 (1126, 716)
2026-08-20 20:19:48,251 INFO m2q1 enhance2 감지 1.000 -> 클릭 (776, 825)
2026-08-20 20:19:48,906 INFO m1q1 pre_enhance1 감지 0.877 -> 클릭 (4423, 472)
2026-08-20 20:19:49,788 INFO m1q1 enhance1 감지 0.982 -> 클릭 (4254, 523)
2026-08-20 20:19:50,322 INFO m1q2 pre_enhance1 감지 0.883 -> 클릭 (5386, 472)
2026-08-20 20:19:51,208 INFO m1q2 enhance1 감지 0.982 -> 클릭 (5217, 523)
2026-08-20 20:19:51,850 INFO m2q2 pre_enhance2 감지 0.999 -> 클릭 (3046, 716)
2026-08-20 20:19:52,749 INFO m2q2 enhance2 감지 1.000 -> 클릭 (2696, 825)
2026-08-20 20:19:53,391 INFO m1q1 pre_enhance1 감지 0.877 -> 클릭 (4423, 472)
2026-08-20 20:19:54,281 INFO m1q1 enhance1 감지 0.982 -> 클릭 (4254, 523)
2026-08-20 20:19:54,816 INFO m1q2 pre_enhance1 감지 0.883 -> 클릭 (5386, 472)
2026-08-20 20:19:55,680 INFO m1q2 enhance1 감지 0.982 -> 클릭 (5217, 523)
2026-08-20 20:19:56,324 INFO m2q1 pre_enhance2 감지 0.999 -> 클릭 (1126, 716)
2026-08-20 20:19:57,252 INFO m2q1 enhance2 감지 1.000 -> 클릭 (776, 825)
2026-08-20 20:19:57,893 INFO m1q1 pre_enhance1 감지 0.868 -> 클릭 (4423, 472)
2026-08-20 20:19:58,764 INFO m1q1 enhance1 감지 0.983 -> 클릭 (4254, 523)
2026-08-20 20:19:59,301 INFO m1q2 pre_enhance1 감지 0.884 -> 클릭 (5386, 472)
2026-08-20 20:20:00,183 INFO m1q2 enhance1 감지 0.982 -> 클릭 (5217, 523)
2026-08-20 20:20:00,825 INFO m2q2 pre_enhance2 감지 0.999 -> 클릭 (3046, 716)
2026-08-20 20:20:01,719 INFO m2q2 enhance2 감지 1.000 -> 클릭 (2696, 825)
2026-08-20 20:20:02,367 INFO m1q1 pre_enhance1 감지 0.868 -> 클릭 (4423, 472)
2026-08-20 20:20:03,253 INFO m1q1 enhance1 감지 0.983 -> 클릭 (4254, 523)
2026-08-20 20:20:03,786 INFO m1q2 pre_enhance1 감지 0.884 -> 클릭 (5386, 472)
2026-08-20 20:20:04,649 INFO m1q2 enhance1 감지 0.959 -> 클릭 (5217, 523)
2026-08-20 20:20:05,244 INFO m2q1 pre_enhance2 감지 0.999 -> 클릭 (1126, 716)
2026-08-20 20:20:06,160 INFO m2q1 enhance2 감지 1.000 -> 클릭 (776, 825)
2026-08-20 20:20:06,808 INFO m1q1 pre_enhance1 감지 0.871 -> 클릭 (4423, 472)
2026-08-20 20:20:07,673 INFO m1q1 enhance1 감지 0.983 -> 클릭 (4254, 523)
2026-08-20 20:20:08,205 INFO m1q2 pre_enhance1 감지 0.884 -> 클릭 (5386, 472)
2026-08-20 20:20:09,089 INFO m1q2 enhance1 감지 0.960 -> 클릭 (5217, 523)
2026-08-20 20:20:09,731 INFO m2q2 pre_enhance2 감지 0.999 -> 클릭 (3046, 716)
2026-08-20 20:20:10,635 INFO m2q2 enhance2 감지 1.000 -> 클릭 (2696, 825)
2026-08-20 20:20:11,278 INFO m1q1 pre_enhance1 감지 0.872 -> 클릭 (4423, 472)
2026-08-20 20:20:12,164 INFO m1q1 enhance1 감지 0.983 -> 클릭 (4254, 523)
2026-08-20 20:20:12,695 INFO m1q2 pre_enhance1 감지 0.884 -> 클릭 (5386, 472)
2026-08-20 20:20:13,564 INFO m1q2 enhance1 감지 0.960 -> 클릭 (5217, 523)
2026-08-20 20:20:14,186 INFO m2q1 pre_enhance2 감지 0.999 -> 클릭 (1126, 716)
2026-08-20 20:20:15,108 INFO m2q1 enhance2 감지 1.000 -> 클릭 (776, 825)
2026-08-20 20:20:15,750 INFO m1q1 pre_enhance1 감지 0.870 -> 클릭 (4423, 472)
2026-08-20 20:20:16,616 INFO m1q1 enhance1 감지 0.983 -> 클릭 (4254, 523)
2026-08-20 20:20:17,148 INFO m1q2 pre_enhance1 감지 0.884 -> 클릭 (5386, 472)
2026-08-20 20:20:18,032 INFO m1q2 enhance1 감지 0.960 -> 클릭 (5217, 523)
2026-08-20 20:20:18,657 INFO m2q2 pre_enhance2 감지 0.999 -> 클릭 (3046, 716)
2026-08-20 20:20:19,562 INFO m2q2 enhance2 감지 1.000 -> 클릭 (2696, 825)
2026-08-20 20:20:20,204 INFO m1q1 pre_enhance1 감지 0.871 -> 클릭 (4423, 472)
2026-08-20 20:20:21,085 INFO m1q1 enhance1 감지 0.983 -> 클릭 (4254, 523)
2026-08-20 20:20:21,620 INFO m1q2 pre_enhance1 감지 0.884 -> 클릭 (5386, 472)
2026-08-20 20:20:22,501 INFO m1q2 enhance1 감지 0.960 -> 클릭 (5217, 523)
2026-08-20 20:20:23,149 INFO m2q1 pre_enhance2 감지 0.999 -> 클릭 (1126, 716)
2026-08-20 20:20:24,071 INFO m2q1 enhance2 감지 1.000 -> 클릭 (776, 825)
2026-08-20 20:20:24,726 INFO m1q1 pre_enhance1 감지 0.872 -> 클릭 (4423, 472)
2026-08-20 20:20:25,593 INFO m1q1 enhance1 감지 0.983 -> 클릭 (4254, 523)
2026-08-20 20:20:26,126 INFO m1q2 pre_enhance1 감지 0.883 -> 클릭 (5386, 472)
2026-08-20 20:20:27,012 INFO m1q2 enhance1 감지 0.960 -> 클릭 (5217, 523)
2026-08-20 20:20:27,656 INFO m2q2 pre_enhance2 감지 0.999 -> 클릭 (3046, 716)
2026-08-20 20:20:28,557 INFO m2q2 enhance2 감지 0.991 -> 클릭 (2696, 825)
2026-08-20 20:20:29,197 INFO m1q1 pre_enhance1 감지 0.872 -> 클릭 (4423, 472)
2026-08-20 20:20:30,079 INFO m1q1 enhance1 감지 0.983 -> 클릭 (4254, 523)
2026-08-20 20:20:30,616 INFO m1q2 pre_enhance1 감지 0.883 -> 클릭 (5386, 472)
2026-08-20 20:20:31,477 INFO m1q2 enhance1 감지 0.960 -> 클릭 (5217, 523)
2026-08-20 20:20:32,106 INFO m2q1 pre_enhance2 감지 0.999 -> 클릭 (1126, 716)
2026-08-20 20:20:33,025 INFO m2q1 enhance2 감지 1.000 -> 클릭 (776, 825)
2026-08-20 20:20:33,666 INFO m1q1 pre_enhance1 감지 0.872 -> 클릭 (4423, 472)
2026-08-20 20:20:34,532 INFO m1q1 enhance1 감지 0.983 -> 클릭 (4254, 523)
2026-08-20 20:20:35,065 INFO m1q2 pre_enhance1 감지 0.883 -> 클릭 (5386, 472)
2026-08-20 20:20:35,951 INFO m1q2 enhance1 감지 0.960 -> 클릭 (5217, 523)
2026-08-20 20:20:36,580 INFO m2q2 pre_enhance2 감지 0.995 -> 클릭 (3046, 716)
2026-08-20 20:20:37,475 INFO m2q2 enhance2 감지 0.991 -> 클릭 (2696, 825)
2026-08-20 20:20:38,125 INFO m1q1 pre_enhance1 감지 0.869 -> 클릭 (4423, 472)
2026-08-20 20:20:39,005 INFO m1q1 enhance1 감지 0.983 -> 클릭 (4254, 523)
2026-08-20 20:20:39,539 INFO m1q2 pre_enhance1 감지 0.883 -> 클릭 (5386, 472)
2026-08-20 20:20:40,409 INFO m1q2 enhance1 감지 0.960 -> 클릭 (5217, 523)
2026-08-20 20:20:41,051 INFO m2q1 pre_enhance2 감지 0.999 -> 클릭 (1126, 716)
2026-08-20 20:20:41,971 INFO m2q1 enhance2 감지 1.000 -> 클릭 (776, 825)
2026-08-20 20:20:42,611 INFO m1q1 pre_enhance1 감지 0.871 -> 클릭 (4423, 472)
2026-08-20 20:20:43,479 INFO m1q1 enhance1 감지 0.983 -> 클릭 (4254, 523)
2026-08-20 20:20:44,013 INFO m1q2 pre_enhance1 감지 0.883 -> 클릭 (5386, 472)
2026-08-20 20:20:44,896 INFO m1q2 enhance1 감지 0.960 -> 클릭 (5217, 523)
2026-08-20 20:20:45,538 INFO m2q2 pre_enhance2 감지 0.995 -> 클릭 (3046, 716)
2026-08-20 20:20:46,456 INFO m2q2 enhance2 감지 0.991 -> 클릭 (2696, 825)
2026-08-20 20:20:47,099 INFO m1q1 pre_enhance1 감지 0.871 -> 클릭 (4423, 472)
2026-08-20 20:20:47,985 INFO m1q1 enhance1 감지 0.983 -> 클릭 (4254, 523)
2026-08-20 20:20:48,518 INFO m1q2 pre_enhance1 감지 0.883 -> 클릭 (5386, 472)
2026-08-20 20:20:49,382 INFO m1q2 enhance1 감지 0.959 -> 클릭 (5217, 523)
2026-08-20 20:20:50,029 INFO m2q1 pre_enhance2 감지 0.999 -> 클릭 (1126, 716)
2026-08-20 20:20:50,940 INFO m2q1 enhance2 감지 1.000 -> 클릭 (776, 825)
2026-08-20 20:20:51,588 INFO m1q1 pre_enhance1 감지 0.871 -> 클릭 (4423, 472)
2026-08-20 20:20:52,467 INFO m1q1 enhance1 감지 0.983 -> 클릭 (4254, 523)
2026-08-20 20:20:53,001 INFO m1q2 pre_enhance1 감지 0.883 -> 클릭 (5386, 472)
2026-08-20 20:20:53,889 INFO m1q2 enhance1 감지 0.959 -> 클릭 (5217, 523)
2026-08-20 20:20:54,528 INFO m2q2 pre_enhance2 감지 0.995 -> 클릭 (3046, 716)
2026-08-20 20:20:55,451 INFO m2q2 enhance2 감지 0.991 -> 클릭 (2696, 825)
2026-08-20 20:20:56,094 INFO m1q1 pre_enhance1 감지 0.873 -> 클릭 (4423, 472)
2026-08-20 20:20:56,971 INFO m1q1 enhance1 감지 0.982 -> 클릭 (4254, 523)
2026-08-20 20:20:57,510 INFO m1q2 pre_enhance1 감지 0.883 -> 클릭 (5386, 472)
2026-08-20 20:20:58,375 INFO m1q2 enhance1 감지 0.960 -> 클릭 (5217, 523)
2026-08-20 20:20:59,021 INFO m2q1 pre_enhance2 감지 0.999 -> 클릭 (1126, 716)
2026-08-20 20:20:59,940 INFO m2q1 enhance2 감지 1.000 -> 클릭 (776, 825)
2026-08-20 20:21:00,580 INFO m1q1 pre_enhance1 감지 0.873 -> 클릭 (4423, 472)
2026-08-20 20:21:01,445 INFO m1q1 enhance1 감지 0.982 -> 클릭 (4254, 523)
2026-08-20 20:21:01,978 INFO m1q2 pre_enhance1 감지 0.883 -> 클릭 (5386, 472)
2026-08-20 20:21:02,868 INFO m1q2 enhance1 감지 0.936 -> 클릭 (5217, 523)
2026-08-20 20:21:03,495 INFO m2q2 pre_enhance2 감지 0.995 -> 클릭 (3046, 716)
2026-08-20 20:21:04,424 INFO m2q2 enhance2 감지 0.991 -> 클릭 (2696, 825)
2026-08-20 20:21:05,070 INFO m1q1 pre_enhance1 감지 0.875 -> 클릭 (4423, 472)
2026-08-20 20:21:05,951 INFO m1q1 enhance1 감지 0.982 -> 클릭 (4254, 523)
2026-08-20 20:21:06,485 INFO m1q2 pre_enhance1 감지 0.883 -> 클릭 (5386, 472)
2026-08-20 20:21:07,353 INFO m1q2 enhance1 감지 0.961 -> 클릭 (5217, 523)
2026-08-20 20:21:07,997 INFO m2q1 pre_enhance2 감지 0.999 -> 클릭 (1126, 716)
2026-08-20 20:21:08,924 INFO m2q1 enhance2 감지 1.000 -> 클릭 (776, 825)
2026-08-20 20:21:09,575 INFO m1q1 pre_enhance1 감지 0.875 -> 클릭 (4423, 472)
2026-08-20 20:21:10,441 INFO m1q1 enhance1 감지 0.982 -> 클릭 (4254, 523)
2026-08-20 20:21:10,974 INFO m1q2 pre_enhance1 감지 0.884 -> 클릭 (5386, 472)
2026-08-20 20:21:11,860 INFO m1q2 enhance1 감지 0.961 -> 클릭 (5217, 523)
2026-08-20 20:21:12,500 INFO m2q2 pre_enhance2 감지 0.995 -> 클릭 (3046, 716)
2026-08-20 20:21:13,431 INFO m2q2 enhance2 감지 0.991 -> 클릭 (2696, 825)
2026-08-20 20:21:14,080 INFO m1q1 pre_enhance1 감지 0.875 -> 클릭 (4423, 472)
2026-08-20 20:21:14,962 INFO m1q1 enhance1 감지 0.982 -> 클릭 (4254, 523)
2026-08-20 20:21:15,496 INFO m1q2 pre_enhance1 감지 0.884 -> 클릭 (5386, 472)
2026-08-20 20:21:16,377 INFO m1q2 enhance1 감지 0.961 -> 클릭 (5217, 523)
2026-08-20 20:21:17,025 INFO m2q1 pre_enhance2 감지 0.999 -> 클릭 (1126, 716)
2026-08-20 20:21:17,958 INFO m2q1 enhance2 감지 1.000 -> 클릭 (776, 825)
2026-08-20 20:21:18,601 INFO m1q1 pre_enhance1 감지 0.879 -> 클릭 (4423, 472)
2026-08-20 20:21:19,468 INFO m1q1 enhance1 감지 0.982 -> 클릭 (4254, 523)
2026-08-20 20:21:20,001 INFO m1q2 pre_enhance1 감지 0.884 -> 클릭 (5386, 472)
2026-08-20 20:21:20,884 INFO m1q2 enhance1 감지 0.960 -> 클릭 (5217, 523)
2026-08-20 20:21:21,512 INFO m2q2 pre_enhance2 감지 0.995 -> 클릭 (3046, 716)
2026-08-20 20:21:22,437 INFO m2q2 enhance2 감지 0.991 -> 클릭 (2696, 825)
2026-08-20 20:21:23,089 INFO m1q1 pre_enhance1 감지 0.879 -> 클릭 (4423, 472)
2026-08-20 20:21:23,956 INFO m1q1 enhance1 감지 0.982 -> 클릭 (4254, 523)
2026-08-20 20:21:24,491 INFO m1q2 pre_enhance1 감지 0.884 -> 클릭 (5386, 472)
2026-08-20 20:21:25,359 INFO m1q2 enhance1 감지 0.960 -> 클릭 (5217, 523)
2026-08-20 20:21:25,977 INFO m2q1 pre_enhance2 감지 0.999 -> 클릭 (1126, 716)
2026-08-20 20:21:26,915 INFO m2q1 enhance2 감지 1.000 -> 클릭 (776, 825)
2026-08-20 20:21:27,566 INFO m1q1 pre_enhance1 감지 0.879 -> 클릭 (4423, 472)
2026-08-20 20:21:28,444 INFO m1q1 enhance1 감지 0.982 -> 클릭 (4254, 523)
2026-08-20 20:21:28,975 INFO m1q2 pre_enhance1 감지 0.884 -> 클릭 (5386, 472)
2026-08-20 20:21:29,860 INFO m1q2 enhance1 감지 0.960 -> 클릭 (5217, 523)
2026-08-20 20:21:30,510 INFO m2q2 pre_enhance2 감지 0.995 -> 클릭 (3046, 716)
2026-08-20 20:21:31,443 INFO m2q2 enhance2 감지 0.991 -> 클릭 (2696, 825)
2026-08-20 20:21:32,098 INFO m1q1 pre_enhance1 감지 0.877 -> 클릭 (4423, 472)
2026-08-20 20:21:32,960 INFO m1q1 enhance1 감지 0.982 -> 클릭 (4254, 523)
2026-08-20 20:21:33,502 INFO m1q2 pre_enhance1 감지 0.884 -> 클릭 (5386, 472)
2026-08-20 20:21:34,368 INFO m1q2 enhance1 감지 0.960 -> 클릭 (5217, 523)
2026-08-20 20:21:35,008 INFO m2q1 pre_enhance2 감지 0.999 -> 클릭 (1126, 716)
2026-08-20 20:21:35,930 INFO m2q1 enhance2 감지 1.000 -> 클릭 (776, 825)
2026-08-20 20:21:36,585 INFO m1q1 pre_enhance1 감지 0.877 -> 클릭 (4423, 472)
2026-08-20 20:21:37,452 INFO m1q1 enhance1 감지 0.982 -> 클릭 (4254, 523)
2026-08-20 20:21:37,982 INFO m1q2 pre_enhance1 감지 0.884 -> 클릭 (5386, 472)
2026-08-20 20:21:38,869 INFO m1q2 enhance1 감지 0.960 -> 클릭 (5217, 523)
2026-08-20 20:21:39,513 INFO m2q2 pre_enhance2 감지 0.995 -> 클릭 (3046, 716)
2026-08-20 20:21:40,430 INFO m2q2 enhance2 감지 0.991 -> 클릭 (2696, 825)
2026-08-20 20:21:41,073 INFO m1q1 pre_enhance1 감지 0.875 -> 클릭 (4423, 472)
2026-08-20 20:21:41,955 INFO m1q1 enhance1 감지 0.982 -> 클릭 (4254, 523)
2026-08-20 20:21:42,492 INFO m1q2 pre_enhance1 감지 0.884 -> 클릭 (5386, 472)
2026-08-20 20:21:43,358 INFO m1q2 enhance1 감지 0.960 -> 클릭 (5217, 523)
2026-08-20 20:21:43,976 INFO m2q1 pre_enhance2 감지 0.999 -> 클릭 (1126, 716)
2026-08-20 20:21:44,909 INFO m2q1 enhance2 감지 1.000 -> 클릭 (776, 825)
2026-08-20 20:21:45,563 INFO m1q1 pre_enhance1 감지 0.875 -> 클릭 (4423, 472)
2026-08-20 20:21:46,446 INFO m1q1 enhance1 감지 0.982 -> 클릭 (4254, 523)
2026-08-20 20:21:46,975 INFO m1q2 pre_enhance1 감지 0.884 -> 클릭 (5386, 472)
2026-08-20 20:21:47,859 INFO m1q2 enhance1 감지 0.960 -> 클릭 (5217, 523)
2026-08-20 20:21:48,508 INFO m2q2 pre_enhance2 감지 0.995 -> 클릭 (3046, 716)
2026-08-20 20:21:49,453 INFO m2q2 enhance2 감지 0.991 -> 클릭 (2696, 825)
2026-08-20 20:21:50,099 INFO m1q1 pre_enhance1 감지 0.875 -> 클릭 (4423, 472)
2026-08-20 20:21:50,981 INFO m1q1 enhance1 감지 0.982 -> 클릭 (4254, 523)
2026-08-20 20:21:51,515 INFO m1q2 pre_enhance1 감지 0.884 -> 클릭 (5386, 472)
2026-08-20 20:21:52,399 INFO m1q2 enhance1 감지 0.960 -> 클릭 (5217, 523)
2026-08-20 20:21:53,044 INFO m2q1 pre_enhance2 감지 0.999 -> 클릭 (1126, 716)
2026-08-20 20:21:53,960 INFO m2q1 enhance2 감지 1.000 -> 클릭 (776, 825)
2026-08-20 20:21:54,602 INFO m1q1 pre_enhance1 감지 0.875 -> 클릭 (4423, 472)
2026-08-20 20:21:55,471 INFO m1q1 enhance1 감지 0.983 -> 클릭 (4254, 523)
2026-08-20 20:21:56,005 INFO m1q2 pre_enhance1 감지 0.884 -> 클릭 (5386, 472)
2026-08-20 20:21:56,889 INFO m1q2 enhance1 감지 0.960 -> 클릭 (5217, 523)
2026-08-20 20:21:57,531 INFO m2q2 pre_enhance2 감지 0.995 -> 클릭 (3046, 716)
2026-08-20 20:21:58,451 INFO m2q2 enhance2 감지 0.991 -> 클릭 (2696, 825)
2026-08-20 20:21:59,090 INFO m1q1 pre_enhance1 감지 0.879 -> 클릭 (4423, 472)
2026-08-20 20:21:59,974 INFO m1q1 enhance1 감지 0.982 -> 클릭 (4254, 523)
2026-08-20 20:22:00,513 INFO m1q2 pre_enhance1 감지 0.883 -> 클릭 (5386, 472)
2026-08-20 20:22:01,379 INFO m1q2 enhance1 감지 0.960 -> 클릭 (5217, 523)
2026-08-20 20:22:02,029 INFO m2q1 pre_enhance2 감지 0.999 -> 클릭 (1126, 716)
2026-08-20 20:22:02,954 INFO m2q1 enhance2 감지 1.000 -> 클릭 (776, 825)
2026-08-20 20:22:03,592 INFO m1q1 pre_enhance1 감지 0.879 -> 클릭 (4423, 472)
2026-08-20 20:22:04,464 INFO m1q1 enhance1 감지 0.982 -> 클릭 (4254, 523)
2026-08-20 20:22:04,995 INFO m1q2 pre_enhance1 감지 0.883 -> 클릭 (5386, 472)
2026-08-20 20:22:05,880 INFO m1q2 enhance1 감지 0.960 -> 클릭 (5217, 523)
2026-08-20 20:22:06,534 INFO m2q2 pre_enhance2 감지 0.995 -> 클릭 (3046, 716)
2026-08-20 20:22:07,466 INFO m2q2 enhance2 감지 0.991 -> 클릭 (2696, 825)
2026-08-20 20:22:08,123 INFO m1q1 pre_enhance1 감지 0.879 -> 클릭 (4423, 472)
2026-08-20 20:22:08,999 INFO m1q1 enhance1 감지 0.982 -> 클릭 (4254, 523)
2026-08-20 20:22:09,536 INFO m1q2 pre_enhance1 감지 0.883 -> 클릭 (5386, 472)
2026-08-20 20:22:10,400 INFO m1q2 enhance1 감지 0.960 -> 클릭 (5217, 523)
2026-08-20 20:22:11,048 INFO m2q1 pre_enhance2 감지 0.999 -> 클릭 (1126, 716)
2026-08-20 20:22:11,976 INFO m2q1 enhance2 감지 1.000 -> 클릭 (776, 825)
2026-08-20 20:22:12,629 INFO m1q1 pre_enhance1 감지 0.875 -> 클릭 (4423, 472)
2026-08-20 20:22:13,494 INFO m1q1 enhance1 감지 0.982 -> 클릭 (4254, 523)
2026-08-20 20:22:14,024 INFO m1q2 pre_enhance1 감지 0.883 -> 클릭 (5386, 472)
2026-08-20 20:22:14,905 INFO m1q2 enhance1 감지 0.960 -> 클릭 (5217, 523)
2026-08-20 20:22:15,551 INFO m2q2 pre_enhance2 감지 0.995 -> 클릭 (3046, 716)
2026-08-20 20:22:16,472 INFO m2q2 enhance2 감지 0.991 -> 클릭 (2696, 825)
2026-08-20 20:22:17,130 INFO m1q1 pre_enhance1 감지 0.872 -> 클릭 (4423, 472)
2026-08-20 20:22:18,010 INFO m1q1 enhance1 감지 0.983 -> 클릭 (4254, 523)
2026-08-20 20:22:18,548 INFO m1q2 pre_enhance1 감지 0.883 -> 클릭 (5386, 472)
2026-08-20 20:22:19,412 INFO m1q2 enhance1 감지 0.960 -> 클릭 (5217, 523)
2026-08-20 20:22:20,061 INFO m2q1 pre_enhance2 감지 0.999 -> 클릭 (1126, 716)
2026-08-20 20:22:20,990 INFO m2q1 enhance2 감지 1.000 -> 클릭 (776, 825)
2026-08-20 20:22:21,632 INFO m1q1 pre_enhance1 감지 0.873 -> 클릭 (4423, 472)
2026-08-20 20:22:22,515 INFO m1q1 enhance1 감지 0.983 -> 클릭 (4254, 523)
2026-08-20 20:22:23,051 INFO m1q2 pre_enhance1 감지 0.883 -> 클릭 (5386, 472)
2026-08-20 20:22:23,931 INFO m1q2 enhance1 감지 0.960 -> 클릭 (5217, 523)
2026-08-20 20:22:24,582 INFO m2q2 pre_enhance2 감지 0.995 -> 클릭 (3046, 716)
2026-08-20 20:22:25,504 INFO m2q2 enhance2 감지 0.991 -> 클릭 (2696, 825)
2026-08-20 20:22:26,155 INFO m1q1 pre_enhance1 감지 0.873 -> 클릭 (4423, 472)
2026-08-20 20:22:27,036 INFO m1q1 enhance1 감지 0.983 -> 클릭 (4254, 523)
2026-08-20 20:22:27,574 INFO m1q2 pre_enhance1 감지 0.883 -> 클릭 (5386, 472)
2026-08-20 20:22:28,438 INFO m1q2 enhance1 감지 0.960 -> 클릭 (5217, 523)
2026-08-20 20:22:29,083 INFO m2q1 pre_enhance2 감지 0.999 -> 클릭 (1126, 716)
2026-08-20 20:22:30,007 INFO m2q1 enhance2 감지 1.000 -> 클릭 (776, 825)
2026-08-20 20:22:30,659 INFO m1q1 pre_enhance1 감지 0.872 -> 클릭 (4423, 472)
2026-08-20 20:22:31,528 INFO m1q1 enhance1 감지 0.983 -> 클릭 (4254, 523)
2026-08-20 20:22:32,060 INFO m1q2 pre_enhance1 감지 0.883 -> 클릭 (5386, 472)
2026-08-20 20:22:32,939 INFO m1q2 enhance1 감지 0.960 -> 클릭 (5217, 523)
2026-08-20 20:22:33,587 INFO m2q2 pre_enhance2 감지 0.995 -> 클릭 (3046, 716)
2026-08-20 20:22:34,507 INFO m2q2 pre_enhance2 클릭 후 enhance2 미검출
2026-08-20 20:22:34,664 INFO m1q1 pre_enhance1 감지 0.872 -> 클릭 (4423, 472)
2026-08-20 20:22:35,553 INFO m1q1 pre_enhance1 클릭 후 enhance1 미검출
2026-08-20 20:22:35,581 INFO m1q2 pre_enhance1 감지 0.883 -> 클릭 (5386, 472)
2026-08-20 20:22:36,463 INFO m1q2 enhance1 감지 0.959 -> 클릭 (5217, 523)
2026-08-20 20:22:37,088 INFO m2q1 pre_enhance2 감지 0.999 -> 클릭 (1126, 716)
2026-08-20 20:22:38,003 INFO m2q1 pre_enhance2 클릭 후 enhance2 미검출
2026-08-20 20:22:38,234 INFO ESC 감지 -> 종료
